Source,Target,LLMDecision,LLMConfidence,LLMTotalTokens,ExperimentType,K,Model
http://mouse.owl#MA_0002684,http://human.owl#NCI_C32658,True,,599.0,few_shot_rag,5,meta-llama/llama-3.1-70b-instruct
http://mouse.owl#MA_0001249,http://human.owl#NCI_C33075,True,,600.0,few_shot_rag,5,meta-llama/llama-3.1-70b-instruct
http://mouse.owl#MA_0001221,http://human.owl#NCI_C33748,True,,586.0,few_shot_rag,5,meta-llama/llama-3.1-70b-instruct
http://mouse.owl#MA_0001615,http://human.owl#NCI_C12262,True,,589.0,few_shot_rag,5,meta-llama/llama-3.1-70b-instruct
http://mouse.owl#MA_0002234,http://human.owl#NCI_C53050,True,,561.0,few_shot_rag,5,meta-llama/llama-3.1-70b-instruct
http://mouse.owl#MA_0002390,http://human.owl#NCI_C33743,True,,573.0,few_shot_rag,5,meta-llama/llama-3.1-70b-instruct
http://mouse.owl#MA_0000451,http://human.owl#NCI_C32497,True,,563.0,few_shot_rag,5,meta-llama/llama-3.1-70b-instruct
http://mouse.owl#MA_0001460,http://human.owl#NCI_C33627,False,,586.0,few_shot_rag,5,meta-llama/llama-3.1-70b-instruct
http://mouse.owl#MA_0002434,http://human.owl#NCI_C12909,True,,576.0,few_shot_rag,5,meta-llama/llama-3.1-70b-instruct
http://mouse.owl#MA_0000777,http://human.owl#NCI_C33791,True,,571.0,few_shot_rag,5,meta-llama/llama-3.1-70b-instruct
http://mouse.owl#MA_0001095,http://human.owl#NCI_C12758,True,,578.0,few_shot_rag,5,meta-llama/llama-3.1-70b-instruct
http://mouse.owl#MA_0001836,http://human.owl#NCI_C49212,True,,614.0,few_shot_rag,5,meta-llama/llama-3.1-70b-instruct
http://mouse.owl#MA_0000470,http://human.owl#NCI_C32742,True,,555.0,few_shot_rag,5,meta-llama/llama-3.1-70b-instruct
http://mouse.owl#MA_0000813,http://human.owl#NCI_C12349,True,,559.0,few_shot_rag,5,meta-llama/llama-3.1-70b-instruct
http://mouse.owl#MA_0000789,http://human.owl#NCI_C32296,False,,580.0,few_shot_rag,5,meta-llama/llama-3.1-70b-instruct
http://mouse.owl#MA_0000702,http://human.owl#NCI_C49191,True,,589.0,few_shot_rag,5,meta-llama/llama-3.1-70b-instruct
http://mouse.owl#MA_0001454,http://human.owl#NCI_C33869,True,,560.0,few_shot_rag,5,meta-llama/llama-3.1-70b-instruct
http://mouse.owl#MA_0000172,http://human.owl#NCI_C12457,True,,559.0,few_shot_rag,5,meta-llama/llama-3.1-70b-instruct
http://mouse.owl#MA_0000060,http://human.owl#NCI_C12679,True,,564.0,few_shot_rag,5,meta-llama/llama-3.1-70b-instruct
http://mouse.owl#MA_0000756,http://human.owl#NCI_C12992,True,,561.0,few_shot_rag,5,meta-llama/llama-3.1-70b-instruct
http://mouse.owl#MA_0000796,http://human.owl#NCI_C12299,True,,544.0,few_shot_rag,5,meta-llama/llama-3.1-70b-instruct
http://mouse.owl#MA_0001338,http://human.owl#NCI_C33139,False,,609.0,few_shot_rag,5,meta-llama/llama-3.1-70b-instruct
http://mouse.owl#MA_0001730,http://human.owl#NCI_C49313,True,,582.0,few_shot_rag,5,meta-llama/llama-3.1-70b-instruct
http://mouse.owl#MA_0001320,http://human.owl#NCI_C33178,True,,591.0,few_shot_rag,5,meta-llama/llama-3.1-70b-instruct
http://mouse.owl#MA_0001552,http://human.owl#NCI_C33565,True,,595.0,few_shot_rag,5,meta-llama/llama-3.1-70b-instruct
http://mouse.owl#MA_0000004,http://human.owl#NCI_C13041,False,,552.0,few_shot_rag,5,meta-llama/llama-3.1-70b-instruct
http://mouse.owl#MA_0000206,http://human.owl#NCI_C12442,True,,571.0,few_shot_rag,5,meta-llama/llama-3.1-70b-instruct
http://mouse.owl#MA_0002487,http://human.owl#NCI_C33603,True,,558.0,few_shot_rag,5,meta-llama/llama-3.1-70b-instruct
http://mouse.owl#MA_0000205,http://human.owl#NCI_C12442,True,,571.0,few_shot_rag,5,meta-llama/llama-3.1-70b-instruct
http://mouse.owl#MA_0000237,http://human.owl#NCI_C12499,True,,539.0,few_shot_rag,5,meta-llama/llama-3.1-70b-instruct
http://mouse.owl#MA_0001841,http://human.owl#NCI_C49210,True,,606.0,few_shot_rag,5,meta-llama/llama-3.1-70b-instruct
http://mouse.owl#MA_0001633,http://human.owl#NCI_C49228,True,,596.0,few_shot_rag,5,meta-llama/llama-3.1-70b-instruct
http://mouse.owl#MA_0002420,http://human.owl#NCI_C12725,True,,564.0,few_shot_rag,5,meta-llama/llama-3.1-70b-instruct
http://mouse.owl#MA_0000398,http://human.owl#NCI_C32492,True,,556.0,few_shot_rag,5,meta-llama/llama-3.1-70b-instruct
http://mouse.owl#MA_0001616,http://human.owl#NCI_C12261,True,,575.0,few_shot_rag,5,meta-llama/llama-3.1-70b-instruct
http://mouse.owl#MA_0000768,http://human.owl#NCI_C33771,False,,634.0,few_shot_rag,5,meta-llama/llama-3.1-70b-instruct
http://mouse.owl#MA_0002554,http://human.owl#NCI_C33340,True,,568.0,few_shot_rag,5,meta-llama/llama-3.1-70b-instruct
http://mouse.owl#MA_0002748,http://human.owl#NCI_C13082,True,,583.0,few_shot_rag,5,meta-llama/llama-3.1-70b-instruct
http://mouse.owl#MA_0000014,http://human.owl#NCI_C12907,True,,558.0,few_shot_rag,5,meta-llama/llama-3.1-70b-instruct
http://mouse.owl#MA_0001771,http://human.owl#NCI_C12867,True,,602.0,few_shot_rag,5,meta-llama/llama-3.1-70b-instruct
http://mouse.owl#MA_0000369,http://human.owl#NCI_C12927,True,,551.0,few_shot_rag,5,meta-llama/llama-3.1-70b-instruct
http://mouse.owl#MA_0001355,http://human.owl#NCI_C32414,True,,582.0,few_shot_rag,5,meta-llama/llama-3.1-70b-instruct
http://mouse.owl#MA_0002683,http://human.owl#NCI_C32656,True,,592.0,few_shot_rag,5,meta-llama/llama-3.1-70b-instruct
http://mouse.owl#MA_0002302,http://human.owl#NCI_C53172,True,,577.0,few_shot_rag,5,meta-llama/llama-3.1-70b-instruct
http://mouse.owl#MA_0001729,http://human.owl#NCI_C49312,True,,576.0,few_shot_rag,5,meta-llama/llama-3.1-70b-instruct
http://mouse.owl#MA_0000388,http://human.owl#NCI_C12598,True,,566.0,few_shot_rag,5,meta-llama/llama-3.1-70b-instruct
http://mouse.owl#MA_0002723,http://human.owl#NCI_C32743,False,,584.0,few_shot_rag,5,meta-llama/llama-3.1-70b-instruct
http://mouse.owl#MA_0000166,http://human.owl#NCI_C12437,True,,574.0,few_shot_rag,5,meta-llama/llama-3.1-70b-instruct
http://mouse.owl#MA_0000341,http://human.owl#NCI_C12421,True,,557.0,few_shot_rag,5,meta-llama/llama-3.1-70b-instruct
http://mouse.owl#MA_0001100,http://human.owl#NCI_C12806,True,,594.0,few_shot_rag,5,meta-llama/llama-3.1-70b-instruct
http://mouse.owl#MA_0002677,http://human.owl#NCI_C48257,False,,647.0,few_shot_rag,5,meta-llama/llama-3.1-70b-instruct
http://mouse.owl#MA_0000333,http://human.owl#NCI_C12379,True,,568.0,few_shot_rag,5,meta-llama/llama-3.1-70b-instruct
http://mouse.owl#MA_0000170,http://human.owl#NCI_C12455,True,,569.0,few_shot_rag,5,meta-llama/llama-3.1-70b-instruct
http://mouse.owl#MA_0001914,http://human.owl#NCI_C52844,True,,582.0,few_shot_rag,5,meta-llama/llama-3.1-70b-instruct
http://mouse.owl#MA_0001659,http://human.owl#NCI_C32683,True,,571.0,few_shot_rag,5,meta-llama/llama-3.1-70b-instruct
http://mouse.owl#MA_0001269,http://human.owl#NCI_C32315,True,,587.0,few_shot_rag,5,meta-llama/llama-3.1-70b-instruct
http://mouse.owl#MA_0002655,http://human.owl#NCI_C12884,False,,650.0,few_shot_rag,5,meta-llama/llama-3.1-70b-instruct
http://mouse.owl#MA_0002127,http://human.owl#NCI_C33665,False,,604.0,few_shot_rag,5,meta-llama/llama-3.1-70b-instruct
http://mouse.owl#MA_0001073,http://human.owl#NCI_C12897,True,,589.0,few_shot_rag,5,meta-llama/llama-3.1-70b-instruct
http://mouse.owl#MA_0001546,http://human.owl#NCI_C32929,True,,576.0,few_shot_rag,5,meta-llama/llama-3.1-70b-instruct
http://mouse.owl#MA_0000251,http://human.owl#NCI_C33528,True,,553.0,few_shot_rag,5,meta-llama/llama-3.1-70b-instruct
http://mouse.owl#MA_0001326,http://human.owl#NCI_C33205,False,,595.0,few_shot_rag,5,meta-llama/llama-3.1-70b-instruct
http://mouse.owl#MA_0001251,http://human.owl#NCI_C49482,True,,584.0,few_shot_rag,5,meta-llama/llama-3.1-70b-instruct
http://mouse.owl#MA_0000901,http://human.owl#NCI_C32653,False,,594.0,few_shot_rag,5,meta-llama/llama-3.1-70b-instruct
http://mouse.owl#MA_0002688,http://human.owl#NCI_C32926,True,,574.0,few_shot_rag,5,meta-llama/llama-3.1-70b-instruct
http://mouse.owl#MA_0001253,http://human.owl#NCI_C49482,False,,593.0,few_shot_rag,5,meta-llama/llama-3.1-70b-instruct
http://mouse.owl#MA_0002225,http://human.owl#NCI_C33666,False,,570.0,few_shot_rag,5,meta-llama/llama-3.1-70b-instruct
http://mouse.owl#MA_0000026,http://human.owl#NCI_C12742,True,,565.0,few_shot_rag,5,meta-llama/llama-3.1-70b-instruct
http://mouse.owl#MA_0000417,http://human.owl#NCI_C32056,True,,570.0,few_shot_rag,5,meta-llama/llama-3.1-70b-instruct
http://mouse.owl#MA_0002062,http://human.owl#NCI_C33661,False,,600.0,few_shot_rag,5,meta-llama/llama-3.1-70b-instruct
http://mouse.owl#MA_0000323,http://human.owl#NCI_C12378,True,,568.0,few_shot_rag,5,meta-llama/llama-3.1-70b-instruct
http://mouse.owl#MA_0001347,http://human.owl#NCI_C33121,False,,598.0,few_shot_rag,5,meta-llama/llama-3.1-70b-instruct
http://mouse.owl#MA_0001831,http://human.owl#NCI_C49210,True,,599.0,few_shot_rag,5,meta-llama/llama-3.1-70b-instruct
http://mouse.owl#MA_0001039,http://human.owl#NCI_C12899,True,,600.0,few_shot_rag,5,meta-llama/llama-3.1-70b-instruct
http://mouse.owl#MA_0001624,http://human.owl#NCI_C12259,True,,589.0,few_shot_rag,5,meta-llama/llama-3.1-70b-instruct
http://mouse.owl#MA_0002131,http://human.owl#NCI_C12879,True,,585.0,few_shot_rag,5,meta-llama/llama-3.1-70b-instruct
http://mouse.owl#MA_0000436,http://human.owl#NCI_C12683,True,,595.0,few_shot_rag,5,meta-llama/llama-3.1-70b-instruct
http://mouse.owl#MA_0001032,http://human.owl#NCI_C12821,True,,568.0,few_shot_rag,5,meta-llama/llama-3.1-70b-instruct
http://mouse.owl#MA_0002324,http://human.owl#NCI_C32824,True,,571.0,few_shot_rag,5,meta-llama/llama-3.1-70b-instruct
http://mouse.owl#MA_0002053,http://human.owl#NCI_C33661,False,,593.0,few_shot_rag,5,meta-llama/llama-3.1-70b-instruct
http://mouse.owl#MA_0000255,http://human.owl#NCI_C12500,True,,544.0,few_shot_rag,5,meta-llama/llama-3.1-70b-instruct
http://mouse.owl#MA_0001982,http://human.owl#NCI_C52941,True,,577.0,few_shot_rag,5,meta-llama/llama-3.1-70b-instruct
http://mouse.owl#MA_0000186,http://human.owl#NCI_C49136,True,,572.0,few_shot_rag,5,meta-llama/llama-3.1-70b-instruct
http://mouse.owl#MA_0001567,http://human.owl#NCI_C49222,True,,626.0,few_shot_rag,5,meta-llama/llama-3.1-70b-instruct
http://mouse.owl#MA_0001676,http://human.owl#NCI_C32154,True,,555.0,few_shot_rag,5,meta-llama/llama-3.1-70b-instruct
http://mouse.owl#MA_0000288,http://human.owl#NCI_C12759,True,,566.0,few_shot_rag,5,meta-llama/llama-3.1-70b-instruct
http://mouse.owl#MA_0001289,http://human.owl#NCI_C28381,False,,659.0,few_shot_rag,5,meta-llama/llama-3.1-70b-instruct
http://mouse.owl#MA_0000152,http://human.owl#NCI_C12701,True,,547.0,few_shot_rag,5,meta-llama/llama-3.1-70b-instruct
http://mouse.owl#MA_0001679,http://human.owl#NCI_C32154,False,,555.0,few_shot_rag,5,meta-llama/llama-3.1-70b-instruct
http://mouse.owl#MA_0000259,http://human.owl#NCI_C12292,True,,530.0,few_shot_rag,5,meta-llama/llama-3.1-70b-instruct
http://mouse.owl#MA_0000279,http://human.owl#NCI_C13177,True,,583.0,few_shot_rag,5,meta-llama/llama-3.1-70b-instruct
http://mouse.owl#MA_0001771,http://human.owl#NCI_C32053,False,,626.0,few_shot_rag,5,meta-llama/llama-3.1-70b-instruct
http://mouse.owl#MA_0000459,http://human.owl#NCI_C33548,True,,563.0,few_shot_rag,5,meta-llama/llama-3.1-70b-instruct
http://mouse.owl#MA_0002519,http://human.owl#NCI_C32661,True,,606.0,few_shot_rag,5,meta-llama/llama-3.1-70b-instruct
http://mouse.owl#MA_0001835,http://human.owl#NCI_C49209,True,,571.0,few_shot_rag,5,meta-llama/llama-3.1-70b-instruct
http://mouse.owl#MA_0000183,http://human.owl#NCI_C12351,False,,638.0,few_shot_rag,5,meta-llama/llama-3.1-70b-instruct
http://mouse.owl#MA_0002680,http://human.owl#NCI_C32538,True,,589.0,few_shot_rag,5,meta-llama/llama-3.1-70b-instruct
http://mouse.owl#MA_0000810,http://human.owl#NCI_C49333,True,,570.0,few_shot_rag,5,meta-llama/llama-3.1-70b-instruct
http://mouse.owl#MA_0001611,http://human.owl#NCI_C12848,False,,659.0,few_shot_rag,5,meta-llama/llama-3.1-70b-instruct
http://mouse.owl#MA_0001596,http://human.owl#NCI_C49301,True,,575.0,few_shot_rag,5,meta-llama/llama-3.1-70b-instruct
http://mouse.owl#MA_0000077,http://human.owl#NCI_C13004,False,,550.0,few_shot_rag,5,meta-llama/llama-3.1-70b-instruct
http://mouse.owl#MA_0000076,http://human.owl#NCI_C13004,True,,553.0,few_shot_rag,5,meta-llama/llama-3.1-70b-instruct
http://mouse.owl#MA_0001543,http://human.owl#NCI_C12385,True,,564.0,few_shot_rag,5,meta-llama/llama-3.1-70b-instruct
http://mouse.owl#MA_0000704,http://human.owl#NCI_C49330,True,,579.0,few_shot_rag,5,meta-llama/llama-3.1-70b-instruct
http://mouse.owl#MA_0001757,http://human.owl#NCI_C32933,True,,584.0,few_shot_rag,5,meta-llama/llama-3.1-70b-instruct
http://mouse.owl#MA_0001756,http://human.owl#NCI_C32933,True,,585.0,few_shot_rag,5,meta-llama/llama-3.1-70b-instruct
http://mouse.owl#MA_0000045,http://human.owl#NCI_C32884,False,,623.0,few_shot_rag,5,meta-llama/llama-3.1-70b-instruct
http://mouse.owl#MA_0001860,http://human.owl#NCI_C49307,True,,613.0,few_shot_rag,5,meta-llama/llama-3.1-70b-instruct
http://mouse.owl#MA_0001547,http://human.owl#NCI_C32931,False,,568.0,few_shot_rag,5,meta-llama/llama-3.1-70b-instruct
http://mouse.owl#MA_0001106,http://human.owl#NCI_C12812,True,,590.0,few_shot_rag,5,meta-llama/llama-3.1-70b-instruct
http://mouse.owl#MA_0002325,http://human.owl#NCI_C32561,True,,593.0,few_shot_rag,5,meta-llama/llama-3.1-70b-instruct
http://mouse.owl#MA_0000792,http://human.owl#NCI_C12937,True,,574.0,few_shot_rag,5,meta-llama/llama-3.1-70b-instruct
http://mouse.owl#MA_0001280,http://human.owl#NCI_C32945,True,,603.0,few_shot_rag,5,meta-llama/llama-3.1-70b-instruct
http://mouse.owl#MA_0000941,http://human.owl#NCI_C12353,True,,557.0,few_shot_rag,5,meta-llama/llama-3.1-70b-instruct
http://mouse.owl#MA_0002685,http://human.owl#NCI_C32663,True,,590.0,few_shot_rag,5,meta-llama/llama-3.1-70b-instruct
http://mouse.owl#MA_0001522,http://human.owl#NCI_C25763,False,,586.0,few_shot_rag,5,meta-llama/llama-3.1-70b-instruct
http://mouse.owl#MA_0001521,http://human.owl#NCI_C25763,False,,570.0,few_shot_rag,5,meta-llama/llama-3.1-70b-instruct
http://mouse.owl#MA_0001012,http://human.owl#NCI_C32337,True,,583.0,few_shot_rag,5,meta-llama/llama-3.1-70b-instruct
http://mouse.owl#MA_0001591,http://human.owl#NCI_C13147,False,,597.0,few_shot_rag,5,meta-llama/llama-3.1-70b-instruct
http://mouse.owl#MA_0002027,http://human.owl#NCI_C32436,True,,583.0,few_shot_rag,5,meta-llama/llama-3.1-70b-instruct
http://mouse.owl#MA_0001395,http://human.owl#NCI_C52786,True,,586.0,few_shot_rag,5,meta-llama/llama-3.1-70b-instruct
http://mouse.owl#MA_0002686,http://human.owl#NCI_C33568,True,,582.0,few_shot_rag,5,meta-llama/llama-3.1-70b-instruct
http://mouse.owl#MA_0001093,http://human.owl#NCI_C12723,True,,575.0,few_shot_rag,5,meta-llama/llama-3.1-70b-instruct
http://mouse.owl#MA_0002063,http://human.owl#NCI_C33581,True,,583.0,few_shot_rag,5,meta-llama/llama-3.1-70b-instruct
http://mouse.owl#MA_0001832,http://human.owl#NCI_C49208,True,,601.0,few_shot_rag,5,meta-llama/llama-3.1-70b-instruct
http://mouse.owl#MA_0001349,http://human.owl#NCI_C33162,True,,558.0,few_shot_rag,5,meta-llama/llama-3.1-70b-instruct
http://mouse.owl#MA_0000854,http://human.owl#NCI_C33923,False,,579.0,few_shot_rag,5,meta-llama/llama-3.1-70b-instruct
http://mouse.owl#MA_0001539,http://human.owl#NCI_C49243,True,,585.0,few_shot_rag,5,meta-llama/llama-3.1-70b-instruct
http://mouse.owl#MA_0000461,http://human.owl#NCI_C33894,True,,575.0,few_shot_rag,5,meta-llama/llama-3.1-70b-instruct
http://mouse.owl#MA_0001029,http://human.owl#NCI_C33140,True,,619.0,few_shot_rag,5,meta-llama/llama-3.1-70b-instruct
http://mouse.owl#MA_0000044,http://human.owl#NCI_C32622,True,,575.0,few_shot_rag,5,meta-llama/llama-3.1-70b-instruct
http://mouse.owl#MA_0002321,http://human.owl#NCI_C32764,True,,569.0,few_shot_rag,5,meta-llama/llama-3.1-70b-instruct
http://mouse.owl#MA_0001505,http://human.owl#NCI_C32890,True,,583.0,few_shot_rag,5,meta-llama/llama-3.1-70b-instruct
http://mouse.owl#MA_0000460,http://human.owl#NCI_C33894,True,,569.0,few_shot_rag,5,meta-llama/llama-3.1-70b-instruct
http://mouse.owl#MA_0002689,http://human.owl#NCI_C32928,True,,579.0,few_shot_rag,5,meta-llama/llama-3.1-70b-instruct
http://mouse.owl#MA_0000453,http://human.owl#NCI_C33106,True,,579.0,few_shot_rag,5,meta-llama/llama-3.1-70b-instruct
http://mouse.owl#MA_0001163,http://human.owl#NCI_C52828,True,,592.0,few_shot_rag,5,meta-llama/llama-3.1-70b-instruct
http://mouse.owl#MA_0001220,http://human.owl#NCI_C33611,True,,582.0,few_shot_rag,5,meta-llama/llama-3.1-70b-instruct
http://mouse.owl#MA_0001097,http://human.owl#NCI_C12761,False,,,few_shot_rag,5,meta-llama/llama-3.1-70b-instruct
http://mouse.owl#MA_0002516,http://human.owl#NCI_C13270,True,,587.0,few_shot_rag,5,meta-llama/llama-3.1-70b-instruct
http://mouse.owl#MA_0001537,http://human.owl#NCI_C49241,True,,570.0,few_shot_rag,5,meta-llama/llama-3.1-70b-instruct
http://mouse.owl#MA_0002664,http://human.owl#NCI_C38669,True,,581.0,few_shot_rag,5,meta-llama/llama-3.1-70b-instruct
http://mouse.owl#MA_0002560,http://human.owl#NCI_C12260,True,,580.0,few_shot_rag,5,meta-llama/llama-3.1-70b-instruct
http://mouse.owl#MA_0000338,http://human.owl#NCI_C12263,True,,570.0,few_shot_rag,5,meta-llama/llama-3.1-70b-instruct
http://mouse.owl#MA_0002398,http://human.owl#NCI_C33809,True,,593.0,few_shot_rag,5,meta-llama/llama-3.1-70b-instruct
http://mouse.owl#MA_0001312,http://human.owl#NCI_C32809,True,,563.0,few_shot_rag,5,meta-llama/llama-3.1-70b-instruct
http://mouse.owl#MA_0001863,http://human.owl#NCI_C49306,True,,617.0,few_shot_rag,5,meta-llama/llama-3.1-70b-instruct
http://mouse.owl#MA_0002070,http://human.owl#NCI_C33826,False,,585.0,few_shot_rag,5,meta-llama/llama-3.1-70b-instruct
http://mouse.owl#MA_0000127,http://human.owl#NCI_C12608,True,,577.0,few_shot_rag,5,meta-llama/llama-3.1-70b-instruct
http://mouse.owl#MA_0002606,http://human.owl#NCI_C32685,False,,607.0,few_shot_rag,5,meta-llama/llama-3.1-70b-instruct
http://mouse.owl#MA_0001311,http://human.owl#NCI_C32808,True,,596.0,few_shot_rag,5,meta-llama/llama-3.1-70b-instruct
http://mouse.owl#MA_0000113,http://human.owl#NCI_C13046,True,,566.0,few_shot_rag,5,meta-llama/llama-3.1-70b-instruct
http://mouse.owl#MA_0000175,http://human.owl#NCI_C12398,True,,583.0,few_shot_rag,5,meta-llama/llama-3.1-70b-instruct
http://mouse.owl#MA_0002663,http://human.owl#NCI_C38668,True,,581.0,few_shot_rag,5,meta-llama/llama-3.1-70b-instruct
http://mouse.owl#MA_0001036,http://human.owl#NCI_C32475,True,,620.0,few_shot_rag,5,meta-llama/llama-3.1-70b-instruct
http://mouse.owl#MA_0000532,http://human.owl#NCI_C33287,True,,564.0,few_shot_rag,5,meta-llama/llama-3.1-70b-instruct
http://mouse.owl#MA_0002672,http://human.owl#NCI_C33040,True,,577.0,few_shot_rag,5,meta-llama/llama-3.1-70b-instruct
http://mouse.owl#MA_0000858,http://human.owl#NCI_C32228,True,,552.0,few_shot_rag,5,meta-llama/llama-3.1-70b-instruct
http://mouse.owl#MA_0001709,http://human.owl#NCI_C32692,True,,565.0,few_shot_rag,5,meta-llama/llama-3.1-70b-instruct
http://mouse.owl#MA_0001695,http://human.owl#NCI_C48940,True,,599.0,few_shot_rag,5,meta-llama/llama-3.1-70b-instruct
http://mouse.owl#MA_0002690,http://human.owl#NCI_C32930,True,,573.0,few_shot_rag,5,meta-llama/llama-3.1-70b-instruct
http://mouse.owl#MA_0002392,http://human.owl#NCI_C33750,True,,591.0,few_shot_rag,5,meta-llama/llama-3.1-70b-instruct
http://mouse.owl#MA_0001245,http://human.owl#NCI_C33652,True,,583.0,few_shot_rag,5,meta-llama/llama-3.1-70b-instruct
http://mouse.owl#MA_0001858,http://human.owl#NCI_C49305,True,,619.0,few_shot_rag,5,meta-llama/llama-3.1-70b-instruct
http://mouse.owl#MA_0000115,http://human.owl#NCI_C13045,False,,639.0,few_shot_rag,5,meta-llama/llama-3.1-70b-instruct
http://mouse.owl#MA_0002474,http://human.owl#NCI_C12421,True,,548.0,few_shot_rag,5,meta-llama/llama-3.1-70b-instruct
http://mouse.owl#MA_0001165,http://human.owl#NCI_C52827,True,,580.0,few_shot_rag,5,meta-llama/llama-3.1-70b-instruct
http://mouse.owl#MA_0001534,http://human.owl#NCI_C32833,True,,585.0,few_shot_rag,5,meta-llama/llama-3.1-70b-instruct
http://mouse.owl#MA_0001536,http://human.owl#NCI_C49240,True,,584.0,few_shot_rag,5,meta-llama/llama-3.1-70b-instruct
http://mouse.owl#MA_0002395,http://human.owl#NCI_C53079,True,,577.0,few_shot_rag,5,meta-llama/llama-3.1-70b-instruct
http://mouse.owl#MA_0001769,http://human.owl#NCI_C32934,True,,587.0,few_shot_rag,5,meta-llama/llama-3.1-70b-instruct
http://mouse.owl#MA_0001787,http://human.owl#NCI_C49279,True,,563.0,few_shot_rag,5,meta-llama/llama-3.1-70b-instruct
http://mouse.owl#MA_0001562,http://human.owl#NCI_C33572,True,,578.0,few_shot_rag,5,meta-llama/llama-3.1-70b-instruct
http://mouse.owl#MA_0002687,http://human.owl#NCI_C33570,True,,574.0,few_shot_rag,5,meta-llama/llama-3.1-70b-instruct
http://mouse.owl#MA_0001276,http://human.owl#NCI_C32783,True,,605.0,few_shot_rag,5,meta-llama/llama-3.1-70b-instruct
http://mouse.owl#MA_0001176,http://human.owl#NCI_C32825,True,,577.0,few_shot_rag,5,meta-llama/llama-3.1-70b-instruct
http://mouse.owl#MA_0000905,http://human.owl#NCI_C12352,True,,554.0,few_shot_rag,5,meta-llama/llama-3.1-70b-instruct
http://mouse.owl#MA_0001028,http://human.owl#NCI_C12807,True,,597.0,few_shot_rag,5,meta-llama/llama-3.1-70b-instruct
http://mouse.owl#MA_0001029,http://human.owl#NCI_C12807,False,,615.0,few_shot_rag,5,meta-llama/llama-3.1-70b-instruct
http://mouse.owl#MA_0000463,http://human.owl#NCI_C32078,True,,567.0,few_shot_rag,5,meta-llama/llama-3.1-70b-instruct
http://mouse.owl#MA_0001358,http://human.owl#NCI_C12809,True,,571.0,few_shot_rag,5,meta-llama/llama-3.1-70b-instruct
http://mouse.owl#MA_0002306,http://human.owl#NCI_C32666,True,,577.0,few_shot_rag,5,meta-llama/llama-3.1-70b-instruct
http://mouse.owl#MA_0000385,http://human.owl#NCI_C12403,True,,564.0,few_shot_rag,5,meta-llama/llama-3.1-70b-instruct
http://mouse.owl#MA_0001770,http://human.owl#NCI_C32934,True,,576.0,few_shot_rag,5,meta-llama/llama-3.1-70b-instruct
http://mouse.owl#MA_0002435,http://human.owl#NCI_C12746,True,,585.0,few_shot_rag,5,meta-llama/llama-3.1-70b-instruct
http://mouse.owl#MA_0002559,http://human.owl#NCI_C12258,True,,580.0,few_shot_rag,5,meta-llama/llama-3.1-70b-instruct
http://mouse.owl#MA_0001096,http://human.owl#NCI_C12759,True,,562.0,few_shot_rag,5,meta-llama/llama-3.1-70b-instruct
http://mouse.owl#MA_0000348,http://human.owl#NCI_C12506,True,,538.0,few_shot_rag,5,meta-llama/llama-3.1-70b-instruct
http://mouse.owl#MA_0000193,http://human.owl#NCI_C33204,True,,545.0,few_shot_rag,5,meta-llama/llama-3.1-70b-instruct
http://mouse.owl#MA_0002185,http://human.owl#NCI_C53057,False,,580.0,few_shot_rag,5,meta-llama/llama-3.1-70b-instruct
http://mouse.owl#MA_0001289,http://human.owl#NCI_C33586,True,,600.0,few_shot_rag,5,meta-llama/llama-3.1-70b-instruct
http://mouse.owl#MA_0002674,http://human.owl#NCI_C33773,True,,592.0,few_shot_rag,5,meta-llama/llama-3.1-70b-instruct
http://mouse.owl#MA_0000742,http://human.owl#NCI_C49586,True,,588.0,few_shot_rag,5,meta-llama/llama-3.1-70b-instruct
http://mouse.owl#MA_0000316,http://human.owl#NCI_C12789,True,,541.0,few_shot_rag,5,meta-llama/llama-3.1-70b-instruct
http://mouse.owl#MA_0001277,http://human.owl#NCI_C33688,True,,604.0,few_shot_rag,5,meta-llama/llama-3.1-70b-instruct
http://mouse.owl#MA_0001596,http://human.owl#NCI_C52707,True,,576.0,few_shot_rag,5,meta-llama/llama-3.1-70b-instruct
http://mouse.owl#MA_0001105,http://human.owl#NCI_C12808,True,,585.0,few_shot_rag,5,meta-llama/llama-3.1-70b-instruct
http://mouse.owl#MA_0000343,http://human.owl#NCI_C12220,True,,540.0,few_shot_rag,5,meta-llama/llama-3.1-70b-instruct
http://mouse.owl#MA_0000432,http://human.owl#NCI_C12425,True,,568.0,few_shot_rag,5,meta-llama/llama-3.1-70b-instruct
http://mouse.owl#MA_0001388,http://human.owl#NCI_C12864,True,,593.0,few_shot_rag,5,meta-llama/llama-3.1-70b-instruct
http://mouse.owl#MA_0001558,http://human.owl#NCI_C33571,True,,579.0,few_shot_rag,5,meta-llama/llama-3.1-70b-instruct
http://mouse.owl#MA_0001189,http://human.owl#NCI_C32804,False,,561.0,few_shot_rag,5,meta-llama/llama-3.1-70b-instruct
http://mouse.owl#MA_0000776,http://human.owl#NCI_C49788,True,,561.0,few_shot_rag,5,meta-llama/llama-3.1-70b-instruct
http://mouse.owl#MA_0000995,http://human.owl#NCI_C49141,True,,618.0,few_shot_rag,5,meta-llama/llama-3.1-70b-instruct
http://mouse.owl#MA_0002267,http://human.owl#NCI_C53039,True,,574.0,few_shot_rag,5,meta-llama/llama-3.1-70b-instruct
http://mouse.owl#MA_0000730,http://human.owl#NCI_C48257,False,,601.0,few_shot_rag,5,meta-llama/llama-3.1-70b-instruct
http://mouse.owl#MA_0001554,http://human.owl#NCI_C49297,True,,595.0,few_shot_rag,5,meta-llama/llama-3.1-70b-instruct
http://mouse.owl#MA_0000762,http://human.owl#NCI_C12993,True,,562.0,few_shot_rag,5,meta-llama/llama-3.1-70b-instruct
http://mouse.owl#MA_0001734,http://human.owl#NCI_C49220,True,,576.0,few_shot_rag,5,meta-llama/llama-3.1-70b-instruct
http://mouse.owl#MA_0000315,http://human.owl#NCI_C52769,False,,599.0,few_shot_rag,5,meta-llama/llama-3.1-70b-instruct
http://mouse.owl#MA_0001342,http://human.owl#NCI_C12856,True,,580.0,few_shot_rag,5,meta-llama/llama-3.1-70b-instruct
http://mouse.owl#MA_0001665,http://human.owl#NCI_C49479,True,,552.0,few_shot_rag,5,meta-llama/llama-3.1-70b-instruct
http://mouse.owl#MA_0001630,http://human.owl#NCI_C12677,True,,567.0,few_shot_rag,5,meta-llama/llama-3.1-70b-instruct
http://mouse.owl#MA_0001669,http://human.owl#NCI_C49479,True,,555.0,few_shot_rag,5,meta-llama/llama-3.1-70b-instruct
http://mouse.owl#MA_0002497,http://human.owl#NCI_C33309,True,,572.0,few_shot_rag,5,meta-llama/llama-3.1-70b-instruct
http://mouse.owl#MA_0000751,http://human.owl#NCI_C49260,True,,577.0,few_shot_rag,5,meta-llama/llama-3.1-70b-instruct
http://mouse.owl#MA_0000092,http://human.owl#NCI_C12871,True,,555.0,few_shot_rag,5,meta-llama/llama-3.1-70b-instruct
http://mouse.owl#MA_0002416,http://human.owl#NCI_C12998,True,,563.0,few_shot_rag,5,meta-llama/llama-3.1-70b-instruct
http://mouse.owl#MA_0000025,http://human.owl#NCI_C12671,True,,580.0,few_shot_rag,5,meta-llama/llama-3.1-70b-instruct
http://mouse.owl#MA_0000093,http://human.owl#NCI_C12870,False,,,few_shot_rag,5,meta-llama/llama-3.1-70b-instruct
http://mouse.owl#MA_0002693,http://human.owl#NCI_C12386,False,,,few_shot_rag,5,meta-llama/llama-3.1-70b-instruct
http://mouse.owl#MA_0000277,http://human.owl#NCI_C33166,False,,,few_shot_rag,5,meta-llama/llama-3.1-70b-instruct
http://mouse.owl#MA_0002283,http://human.owl#NCI_C32397,False,,578.0,few_shot_rag,5,meta-llama/llama-3.1-70b-instruct
http://mouse.owl#MA_0001109,http://human.owl#NCI_C12996,False,,,few_shot_rag,5,meta-llama/llama-3.1-70b-instruct
http://mouse.owl#MA_0002636,http://human.owl#NCI_C12413,False,,564.0,few_shot_rag,5,meta-llama/llama-3.1-70b-instruct
http://mouse.owl#MA_0000279,http://human.owl#NCI_C33470,True,,585.0,few_shot_rag,5,meta-llama/llama-3.1-70b-instruct
http://mouse.owl#MA_0000371,http://human.owl#NCI_C32344,True,,546.0,few_shot_rag,5,meta-llama/llama-3.1-70b-instruct
http://mouse.owl#MA_0001710,http://human.owl#NCI_C33400,True,,564.0,few_shot_rag,5,meta-llama/llama-3.1-70b-instruct
http://mouse.owl#MA_0000049,http://human.owl#NCI_C33107,False,,596.0,few_shot_rag,5,meta-llama/llama-3.1-70b-instruct
http://mouse.owl#MA_0002695,http://human.owl#NCI_C32931,True,,572.0,few_shot_rag,5,meta-llama/llama-3.1-70b-instruct
http://mouse.owl#MA_0001207,http://human.owl#NCI_C33695,False,,585.0,few_shot_rag,5,meta-llama/llama-3.1-70b-instruct
http://mouse.owl#MA_0000993,http://human.owl#NCI_C49138,True,,611.0,few_shot_rag,5,meta-llama/llama-3.1-70b-instruct
http://mouse.owl#MA_0001584,http://human.owl#NCI_C33249,True,,591.0,few_shot_rag,5,meta-llama/llama-3.1-70b-instruct
http://mouse.owl#MA_0002151,http://human.owl#NCI_C52697,True,,581.0,few_shot_rag,5,meta-llama/llama-3.1-70b-instruct
http://mouse.owl#MA_0001542,http://human.owl#NCI_C12268,True,,563.0,few_shot_rag,5,meta-llama/llama-3.1-70b-instruct
http://mouse.owl#MA_0002198,http://human.owl#NCI_C33343,True,,562.0,few_shot_rag,5,meta-llama/llama-3.1-70b-instruct
http://mouse.owl#MA_0000188,http://human.owl#NCI_C12446,True,,583.0,few_shot_rag,5,meta-llama/llama-3.1-70b-instruct
http://mouse.owl#MA_0001036,http://human.owl#NCI_C12934,False,,670.0,few_shot_rag,5,meta-llama/llama-3.1-70b-instruct
http://mouse.owl#MA_0002464,http://human.owl#NCI_C12307,False,,581.0,few_shot_rag,5,meta-llama/llama-3.1-70b-instruct
http://mouse.owl#MA_0002139,http://human.owl#NCI_C32847,True,,579.0,few_shot_rag,5,meta-llama/llama-3.1-70b-instruct
http://mouse.owl#MA_0000753,http://human.owl#NCI_C33598,True,,560.0,few_shot_rag,5,meta-llama/llama-3.1-70b-instruct
http://mouse.owl#MA_0000720,http://human.owl#NCI_C12945,False,,591.0,few_shot_rag,5,meta-llama/llama-3.1-70b-instruct
http://mouse.owl#MA_0000050,http://human.owl#NCI_C33734,False,,587.0,few_shot_rag,5,meta-llama/llama-3.1-70b-instruct
http://mouse.owl#MA_0001131,http://human.owl#NCI_C49798,True,,607.0,few_shot_rag,5,meta-llama/llama-3.1-70b-instruct
http://mouse.owl#MA_0002555,http://human.owl#NCI_C12854,True,,578.0,few_shot_rag,5,meta-llama/llama-3.1-70b-instruct
http://mouse.owl#MA_0000340,http://human.owl#NCI_C12388,True,,573.0,few_shot_rag,5,meta-llama/llama-3.1-70b-instruct
http://mouse.owl#MA_0001087,http://human.owl#NCI_C12665,True,,578.0,few_shot_rag,5,meta-llama/llama-3.1-70b-instruct
http://mouse.owl#MA_0001854,http://human.owl#NCI_C49302,True,,614.0,few_shot_rag,5,meta-llama/llama-3.1-70b-instruct
http://mouse.owl#MA_0000996,http://human.owl#NCI_C49139,True,,631.0,few_shot_rag,5,meta-llama/llama-3.1-70b-instruct
http://mouse.owl#MA_0000795,http://human.owl#NCI_C12370,False,,574.0,few_shot_rag,5,meta-llama/llama-3.1-70b-instruct
http://mouse.owl#MA_0002288,http://human.owl#NCI_C32462,True,,583.0,few_shot_rag,5,meta-llama/llama-3.1-70b-instruct
http://mouse.owl#MA_0001983,http://human.owl#NCI_C33581,True,,594.0,few_shot_rag,5,meta-llama/llama-3.1-70b-instruct
http://mouse.owl#MA_0002026,http://human.owl#NCI_C33693,True,,594.0,few_shot_rag,5,meta-llama/llama-3.1-70b-instruct
http://mouse.owl#MA_0000007,http://human.owl#NCI_C12429,True,,551.0,few_shot_rag,5,meta-llama/llama-3.1-70b-instruct
http://mouse.owl#MA_0002284,http://human.owl#NCI_C32404,True,,575.0,few_shot_rag,5,meta-llama/llama-3.1-70b-instruct
http://mouse.owl#MA_0000099,http://human.owl#NCI_C13005,True,,561.0,few_shot_rag,5,meta-llama/llama-3.1-70b-instruct
http://mouse.owl#MA_0002150,http://human.owl#NCI_C52696,True,,592.0,few_shot_rag,5,meta-llama/llama-3.1-70b-instruct
http://mouse.owl#MA_0002280,http://human.owl#NCI_C33672,True,,598.0,few_shot_rag,5,meta-llama/llama-3.1-70b-instruct
http://mouse.owl#MA_0000162,http://human.owl#NCI_C32711,False,,546.0,few_shot_rag,5,meta-llama/llama-3.1-70b-instruct
http://mouse.owl#MA_0000339,http://human.owl#NCI_C12387,True,,570.0,few_shot_rag,5,meta-llama/llama-3.1-70b-instruct
http://mouse.owl#MA_0001748,http://human.owl#NCI_C49296,True,,583.0,few_shot_rag,5,meta-llama/llama-3.1-70b-instruct
http://mouse.owl#MA_0001720,http://human.owl#NCI_C32415,False,,625.0,few_shot_rag,5,meta-llama/llama-3.1-70b-instruct
http://mouse.owl#MA_0000773,http://human.owl#NCI_C38516,True,,578.0,few_shot_rag,5,meta-llama/llama-3.1-70b-instruct
http://mouse.owl#MA_0000902,http://human.owl#NCI_C33142,False,,594.0,few_shot_rag,5,meta-llama/llama-3.1-70b-instruct
http://mouse.owl#MA_0001630,http://human.owl#NCI_C32573,False,,566.0,few_shot_rag,5,meta-llama/llama-3.1-70b-instruct
http://mouse.owl#MA_0000037,http://human.owl#NCI_C32712,True,,565.0,few_shot_rag,5,meta-llama/llama-3.1-70b-instruct
http://mouse.owl#MA_0001459,http://human.owl#NCI_C12366,True,,543.0,few_shot_rag,5,meta-llama/llama-3.1-70b-instruct
http://mouse.owl#MA_0001524,http://human.owl#NCI_C12736,True,,551.0,few_shot_rag,5,meta-llama/llama-3.1-70b-instruct
http://mouse.owl#MA_0001711,http://human.owl#NCI_C32676,False,,657.0,few_shot_rag,5,meta-llama/llama-3.1-70b-instruct
http://mouse.owl#MA_0001633,http://human.owl#NCI_C48940,False,,589.0,few_shot_rag,5,meta-llama/llama-3.1-70b-instruct
http://mouse.owl#MA_0002314,http://human.owl#NCI_C52703,True,,599.0,few_shot_rag,5,meta-llama/llama-3.1-70b-instruct
http://mouse.owl#MA_0002509,http://human.owl#NCI_C13234,True,,594.0,few_shot_rag,5,meta-llama/llama-3.1-70b-instruct
http://mouse.owl#MA_0002743,http://human.owl#NCI_C33356,True,,571.0,few_shot_rag,5,meta-llama/llama-3.1-70b-instruct
http://mouse.owl#MA_0000715,http://human.owl#NCI_C49321,True,,567.0,few_shot_rag,5,meta-llama/llama-3.1-70b-instruct
http://mouse.owl#MA_0000050,http://human.owl#NCI_C33737,False,,577.0,few_shot_rag,5,meta-llama/llama-3.1-70b-instruct
http://mouse.owl#MA_0002602,http://human.owl#NCI_C32572,False,,618.0,few_shot_rag,5,meta-llama/llama-3.1-70b-instruct
http://mouse.owl#MA_0002667,http://human.owl#NCI_C38671,True,,577.0,few_shot_rag,5,meta-llama/llama-3.1-70b-instruct
http://mouse.owl#MA_0001310,http://human.owl#NCI_C32652,True,,579.0,few_shot_rag,5,meta-llama/llama-3.1-70b-instruct
http://mouse.owl#MA_0001288,http://human.owl#NCI_C32463,True,,595.0,few_shot_rag,5,meta-llama/llama-3.1-70b-instruct
http://mouse.owl#MA_0002515,http://human.owl#NCI_C32875,True,,604.0,few_shot_rag,5,meta-llama/llama-3.1-70b-instruct
http://mouse.owl#MA_0001670,http://human.owl#NCI_C33417,False,,555.0,few_shot_rag,5,meta-llama/llama-3.1-70b-instruct
http://mouse.owl#MA_0000433,http://human.owl#NCI_C12469,True,,572.0,few_shot_rag,5,meta-llama/llama-3.1-70b-instruct
http://mouse.owl#MA_0000913,http://human.owl#NCI_C12355,True,,564.0,few_shot_rag,5,meta-llama/llama-3.1-70b-instruct
http://mouse.owl#MA_0002666,http://human.owl#NCI_C38670,True,,577.0,few_shot_rag,5,meta-llama/llama-3.1-70b-instruct
http://mouse.owl#MA_0002283,http://human.owl#NCI_C32398,True,,582.0,few_shot_rag,5,meta-llama/llama-3.1-70b-instruct
http://mouse.owl#MA_0002684,http://human.owl#NCI_C33149,True,,589.0,few_shot_rag,5,meta-llama/llama-3.1-70b-instruct
http://mouse.owl#MA_0001651,http://human.owl#NCI_C32387,False,,630.0,few_shot_rag,5,meta-llama/llama-3.1-70b-instruct
http://mouse.owl#MA_0002269,http://human.owl#NCI_C32200,True,,566.0,few_shot_rag,5,meta-llama/llama-3.1-70b-instruct
http://mouse.owl#MA_0002284,http://human.owl#NCI_C32402,False,,571.0,few_shot_rag,5,meta-llama/llama-3.1-70b-instruct
http://mouse.owl#MA_0000710,http://human.owl#NCI_C32213,False,,566.0,few_shot_rag,5,meta-llama/llama-3.1-70b-instruct
http://mouse.owl#MA_0000774,http://human.owl#NCI_C33318,True,,581.0,few_shot_rag,5,meta-llama/llama-3.1-70b-instruct
http://mouse.owl#MA_0000185,http://human.owl#NCI_C12443,True,,557.0,few_shot_rag,5,meta-llama/llama-3.1-70b-instruct
http://mouse.owl#MA_0001541,http://human.owl#NCI_C12265,True,,565.0,few_shot_rag,5,meta-llama/llama-3.1-70b-instruct
http://mouse.owl#MA_0000065,http://human.owl#NCI_C12685,True,,542.0,few_shot_rag,5,meta-llama/llama-3.1-70b-instruct
http://mouse.owl#MA_0001669,http://human.owl#NCI_C33417,True,,558.0,few_shot_rag,5,meta-llama/llama-3.1-70b-instruct
http://mouse.owl#MA_0000075,http://human.owl#NCI_C12868,True,,558.0,few_shot_rag,5,meta-llama/llama-3.1-70b-instruct
http://mouse.owl#MA_0000337,http://human.owl#NCI_C12386,True,,559.0,few_shot_rag,5,meta-llama/llama-3.1-70b-instruct
http://mouse.owl#MA_0000475,http://human.owl#NCI_C32124,False,,621.0,few_shot_rag,5,meta-llama/llama-3.1-70b-instruct
http://mouse.owl#MA_0002696,http://human.owl#NCI_C33573,True,,573.0,few_shot_rag,5,meta-llama/llama-3.1-70b-instruct
http://mouse.owl#MA_0002665,http://human.owl#NCI_C43630,True,,572.0,few_shot_rag,5,meta-llama/llama-3.1-70b-instruct
http://mouse.owl#MA_0001351,http://human.owl#NCI_C52799,True,,572.0,few_shot_rag,5,meta-llama/llama-3.1-70b-instruct
http://mouse.owl#MA_0002033,http://human.owl#NCI_C12774,True,,580.0,few_shot_rag,5,meta-llama/llama-3.1-70b-instruct
http://mouse.owl#MA_0001014,http://human.owl#NCI_C12898,True,,586.0,few_shot_rag,5,meta-llama/llama-3.1-70b-instruct
http://mouse.owl#MA_0000305,http://human.owl#NCI_C25774,True,,593.0,few_shot_rag,5,meta-llama/llama-3.1-70b-instruct
http://mouse.owl#MA_0001281,http://human.owl#NCI_C33068,True,,603.0,few_shot_rag,5,meta-llama/llama-3.1-70b-instruct
http://mouse.owl#MA_0001091,http://human.owl#NCI_C12714,True,,568.0,few_shot_rag,5,meta-llama/llama-3.1-70b-instruct
http://mouse.owl#MA_0000898,http://human.owl#NCI_C32557,True,,573.0,few_shot_rag,5,meta-llama/llama-3.1-70b-instruct
http://mouse.owl#MA_0000124,http://human.owl#NCI_C12272,True,,571.0,few_shot_rag,5,meta-llama/llama-3.1-70b-instruct
http://mouse.owl#MA_0002343,http://human.owl#NCI_C13074,True,,570.0,few_shot_rag,5,meta-llama/llama-3.1-70b-instruct
http://mouse.owl#MA_0001778,http://human.owl#NCI_C49252,True,,563.0,few_shot_rag,5,meta-llama/llama-3.1-70b-instruct
http://mouse.owl#MA_0001410,http://human.owl#NCI_C12782,False,,592.0,few_shot_rag,5,meta-llama/llama-3.1-70b-instruct
http://mouse.owl#MA_0000855,http://human.owl#NCI_C33281,False,,578.0,few_shot_rag,5,meta-llama/llama-3.1-70b-instruct
http://mouse.owl#MA_0002672,http://human.owl#NCI_C33602,True,,582.0,few_shot_rag,5,meta-llama/llama-3.1-70b-instruct
http://mouse.owl#MA_0001905,http://human.owl#NCI_C48821,True,,537.0,few_shot_rag,5,meta-llama/llama-3.1-70b-instruct
http://mouse.owl#MA_0002740,http://human.owl#NCI_C33402,True,,615.0,few_shot_rag,5,meta-llama/llama-3.1-70b-instruct
http://mouse.owl#MA_0000293,http://human.owl#NCI_C33291,False,,614.0,few_shot_rag,5,meta-llama/llama-3.1-70b-instruct
http://mouse.owl#MA_0002659,http://human.owl#NCI_C32573,True,,568.0,few_shot_rag,5,meta-llama/llama-3.1-70b-instruct
http://mouse.owl#MA_0000097,http://human.owl#NCI_C45804,False,,632.0,few_shot_rag,5,meta-llama/llama-3.1-70b-instruct
http://mouse.owl#MA_0001828,http://human.owl#NCI_C32824,False,,571.0,few_shot_rag,5,meta-llama/llama-3.1-70b-instruct
http://mouse.owl#MA_0001279,http://human.owl#NCI_C32790,True,,604.0,few_shot_rag,5,meta-llama/llama-3.1-70b-instruct
http://mouse.owl#MA_0001343,http://human.owl#NCI_C12860,True,,571.0,few_shot_rag,5,meta-llama/llama-3.1-70b-instruct
http://mouse.owl#MA_0000874,http://human.owl#NCI_C33260,True,,603.0,few_shot_rag,5,meta-llama/llama-3.1-70b-instruct
http://mouse.owl#MA_0000854,http://human.owl#NCI_C32090,False,,553.0,few_shot_rag,5,meta-llama/llama-3.1-70b-instruct
http://mouse.owl#MA_0000344,http://human.owl#NCI_C49595,True,,578.0,few_shot_rag,5,meta-llama/llama-3.1-70b-instruct
http://mouse.owl#MA_0000414,http://human.owl#NCI_C12420,True,,576.0,few_shot_rag,5,meta-llama/llama-3.1-70b-instruct
http://mouse.owl#MA_0001612,http://human.owl#NCI_C12257,True,,587.0,few_shot_rag,5,meta-llama/llama-3.1-70b-instruct
http://mouse.owl#MA_0000015,http://human.owl#NCI_C12435,False,,609.0,few_shot_rag,5,meta-llama/llama-3.1-70b-instruct
http://mouse.owl#MA_0000324,http://human.owl#NCI_C43612,True,,590.0,few_shot_rag,5,meta-llama/llama-3.1-70b-instruct
http://mouse.owl#MA_0000812,http://human.owl#NCI_C49767,False,,623.0,few_shot_rag,5,meta-llama/llama-3.1-70b-instruct
http://mouse.owl#MA_0001651,http://human.owl#NCI_C32067,False,,554.0,few_shot_rag,5,meta-llama/llama-3.1-70b-instruct
http://mouse.owl#MA_0000202,http://human.owl#NCI_C33866,True,,557.0,few_shot_rag,5,meta-llama/llama-3.1-70b-instruct
http://mouse.owl#MA_0001970,http://human.owl#NCI_C32760,True,,586.0,few_shot_rag,5,meta-llama/llama-3.1-70b-instruct
http://mouse.owl#MA_0001305,http://human.owl#NCI_C32311,True,,577.0,few_shot_rag,5,meta-llama/llama-3.1-70b-instruct
http://mouse.owl#MA_0001094,http://human.owl#NCI_C12732,True,,585.0,few_shot_rag,5,meta-llama/llama-3.1-70b-instruct
http://mouse.owl#MA_0000372,http://human.owl#NCI_C12739,True,,552.0,few_shot_rag,5,meta-llama/llama-3.1-70b-instruct
http://mouse.owl#MA_0002670,http://human.owl#NCI_C33601,True,,567.0,few_shot_rag,5,meta-llama/llama-3.1-70b-instruct
http://mouse.owl#MA_0001737,http://human.owl#NCI_C13103,True,,574.0,few_shot_rag,5,meta-llama/llama-3.1-70b-instruct
http://mouse.owl#MA_0000732,http://human.owl#NCI_C49599,True,,586.0,few_shot_rag,5,meta-llama/llama-3.1-70b-instruct
http://mouse.owl#MA_0002734,http://human.owl#NCI_C32516,True,,565.0,few_shot_rag,5,meta-llama/llama-3.1-70b-instruct
http://mouse.owl#MA_0000758,http://human.owl#NCI_C33607,True,,558.0,few_shot_rag,5,meta-llama/llama-3.1-70b-instruct
http://mouse.owl#MA_0002058,http://human.owl#NCI_C52734,True,,582.0,few_shot_rag,5,meta-llama/llama-3.1-70b-instruct
http://mouse.owl#MA_0002722,http://human.owl#NCI_C32086,True,,574.0,few_shot_rag,5,meta-llama/llama-3.1-70b-instruct
http://mouse.owl#MA_0001323,http://human.owl#NCI_C32856,True,,576.0,few_shot_rag,5,meta-llama/llama-3.1-70b-instruct
http://mouse.owl#MA_0001708,http://human.owl#NCI_C32702,True,,562.0,few_shot_rag,5,meta-llama/llama-3.1-70b-instruct
http://mouse.owl#MA_0000708,http://human.owl#NCI_C49195,True,,591.0,few_shot_rag,5,meta-llama/llama-3.1-70b-instruct
http://mouse.owl#MA_0000254,http://human.owl#NCI_C32164,True,,533.0,few_shot_rag,5,meta-llama/llama-3.1-70b-instruct
http://mouse.owl#MA_0000376,http://human.owl#NCI_C33456,True,,550.0,few_shot_rag,5,meta-llama/llama-3.1-70b-instruct
http://mouse.owl#MA_0000368,http://human.owl#NCI_C12415,True,,553.0,few_shot_rag,5,meta-llama/llama-3.1-70b-instruct
http://mouse.owl#MA_0001514,http://human.owl#NCI_C49577,True,,570.0,few_shot_rag,5,meta-llama/llama-3.1-70b-instruct
http://mouse.owl#MA_0001513,http://human.owl#NCI_C49577,True,,577.0,few_shot_rag,5,meta-llama/llama-3.1-70b-instruct
http://mouse.owl#MA_0001282,http://human.owl#NCI_C33694,True,,603.0,few_shot_rag,5,meta-llama/llama-3.1-70b-instruct
http://mouse.owl#MA_0001130,http://human.owl#NCI_C12350,True,,572.0,few_shot_rag,5,meta-llama/llama-3.1-70b-instruct
http://mouse.owl#MA_0002536,http://human.owl#NCI_C13278,True,,599.0,few_shot_rag,5,meta-llama/llama-3.1-70b-instruct
http://mouse.owl#MA_0000358,http://human.owl#NCI_C12392,True,,574.0,few_shot_rag,5,meta-llama/llama-3.1-70b-instruct
http://mouse.owl#MA_0002552,http://human.owl#NCI_C13257,True,,595.0,few_shot_rag,5,meta-llama/llama-3.1-70b-instruct
http://mouse.owl#MA_0002625,http://human.owl#NCI_C32456,True,,556.0,few_shot_rag,5,meta-llama/llama-3.1-70b-instruct
http://mouse.owl#MA_0001544,http://human.owl#NCI_C32924,True,,603.0,few_shot_rag,5,meta-llama/llama-3.1-70b-instruct
http://mouse.owl#MA_0000706,http://human.owl#NCI_C49193,True,,594.0,few_shot_rag,5,meta-llama/llama-3.1-70b-instruct
http://mouse.owl#MA_0001088,http://human.owl#NCI_C32041,True,,573.0,few_shot_rag,5,meta-llama/llama-3.1-70b-instruct
http://mouse.owl#MA_0001587,http://human.owl#NCI_C40411,False,,576.0,few_shot_rag,5,meta-llama/llama-3.1-70b-instruct
http://mouse.owl#MA_0002149,http://human.owl#NCI_C53050,True,,572.0,few_shot_rag,5,meta-llama/llama-3.1-70b-instruct
http://mouse.owl#MA_0001341,http://human.owl#NCI_C12859,True,,580.0,few_shot_rag,5,meta-llama/llama-3.1-70b-instruct
http://mouse.owl#MA_0002452,http://human.owl#NCI_C33521,True,,585.0,few_shot_rag,5,meta-llama/llama-3.1-70b-instruct
http://mouse.owl#MA_0002490,http://human.owl#NCI_C32207,False,,578.0,few_shot_rag,5,meta-llama/llama-3.1-70b-instruct
http://mouse.owl#MA_0000215,http://human.owl#NCI_C12700,True,,565.0,few_shot_rag,5,meta-llama/llama-3.1-70b-instruct
http://mouse.owl#MA_0002488,http://human.owl#NCI_C33273,True,,575.0,few_shot_rag,5,meta-llama/llama-3.1-70b-instruct
http://mouse.owl#MA_0000838,http://human.owl#NCI_C32480,False,,636.0,few_shot_rag,5,meta-llama/llama-3.1-70b-instruct
http://mouse.owl#MA_0000151,http://human.owl#NCI_C12470,True,,540.0,few_shot_rag,5,meta-llama/llama-3.1-70b-instruct
http://mouse.owl#MA_0001284,http://human.owl#NCI_C33823,False,,625.0,few_shot_rag,5,meta-llama/llama-3.1-70b-instruct
http://mouse.owl#MA_0000141,http://human.owl#NCI_C12432,True,,563.0,few_shot_rag,5,meta-llama/llama-3.1-70b-instruct
http://mouse.owl#MA_0001707,http://human.owl#NCI_C33244,True,,558.0,few_shot_rag,5,meta-llama/llama-3.1-70b-instruct
http://mouse.owl#MA_0001012,http://human.owl#NCI_C12837,True,,582.0,few_shot_rag,5,meta-llama/llama-3.1-70b-instruct
http://mouse.owl#MA_0001010,http://human.owl#NCI_C12836,True,,587.0,few_shot_rag,5,meta-llama/llama-3.1-70b-instruct
http://mouse.owl#MA_0002522,http://human.owl#NCI_C13277,True,,588.0,few_shot_rag,5,meta-llama/llama-3.1-70b-instruct
http://mouse.owl#MA_0000306,http://human.owl#NCI_C12861,True,,583.0,few_shot_rag,5,meta-llama/llama-3.1-70b-instruct
http://mouse.owl#MA_0000471,http://human.owl#NCI_C32898,True,,556.0,few_shot_rag,5,meta-llama/llama-3.1-70b-instruct
http://mouse.owl#MA_0000154,http://human.owl#NCI_C13317,True,,551.0,few_shot_rag,5,meta-llama/llama-3.1-70b-instruct
http://mouse.owl#MA_0000288,http://human.owl#NCI_C12633,True,,564.0,few_shot_rag,5,meta-llama/llama-3.1-70b-instruct
http://mouse.owl#MA_0001056,http://human.owl#NCI_C32409,True,,573.0,few_shot_rag,5,meta-llama/llama-3.1-70b-instruct
http://mouse.owl#MA_0000178,http://human.owl#NCI_C12773,True,,593.0,few_shot_rag,5,meta-llama/llama-3.1-70b-instruct
http://mouse.owl#MA_0000401,http://human.owl#NCI_C32395,True,,586.0,few_shot_rag,5,meta-llama/llama-3.1-70b-instruct
http://mouse.owl#MA_0001631,http://human.owl#NCI_C12698,True,,563.0,few_shot_rag,5,meta-llama/llama-3.1-70b-instruct
http://mouse.owl#MA_0000165,http://human.owl#NCI_C13050,True,,575.0,few_shot_rag,5,meta-llama/llama-3.1-70b-instruct
http://mouse.owl#MA_0002347,http://human.owl#NCI_C33191,True,,584.0,few_shot_rag,5,meta-llama/llama-3.1-70b-instruct
http://mouse.owl#MA_0000040,http://human.owl#NCI_C32266,False,,647.0,few_shot_rag,5,meta-llama/llama-3.1-70b-instruct
http://mouse.owl#MA_0000110,http://human.owl#NCI_C49571,True,,587.0,few_shot_rag,5,meta-llama/llama-3.1-70b-instruct
http://mouse.owl#MA_0001840,http://human.owl#NCI_C49213,True,,620.0,few_shot_rag,5,meta-llama/llama-3.1-70b-instruct
http://mouse.owl#MA_0000177,http://human.owl#NCI_C12772,True,,597.0,few_shot_rag,5,meta-llama/llama-3.1-70b-instruct
http://mouse.owl#MA_0000016,http://human.owl#NCI_C12755,True,,557.0,few_shot_rag,5,meta-llama/llama-3.1-70b-instruct
http://mouse.owl#MA_0001731,http://human.owl#NCI_C49314,True,,599.0,few_shot_rag,5,meta-llama/llama-3.1-70b-instruct
http://mouse.owl#MA_0000350,http://human.owl#NCI_C33136,True,,547.0,few_shot_rag,5,meta-llama/llama-3.1-70b-instruct
http://mouse.owl#MA_0000014,http://human.owl#NCI_C12470,False,,545.0,few_shot_rag,5,meta-llama/llama-3.1-70b-instruct
http://mouse.owl#MA_0000314,http://human.owl#NCI_C12798,True,,566.0,few_shot_rag,5,meta-llama/llama-3.1-70b-instruct
http://mouse.owl#MA_0001340,http://human.owl#NCI_C12857,True,,580.0,few_shot_rag,5,meta-llama/llama-3.1-70b-instruct
http://mouse.owl#MA_0002673,http://human.owl#NCI_C38515,True,,604.0,few_shot_rag,5,meta-llama/llama-3.1-70b-instruct
http://mouse.owl#MA_0000165,http://human.owl#NCI_C33558,False,,567.0,few_shot_rag,5,meta-llama/llama-3.1-70b-instruct
http://mouse.owl#MA_0002511,http://human.owl#NCI_C52556,True,,584.0,few_shot_rag,5,meta-llama/llama-3.1-70b-instruct
http://mouse.owl#MA_0001837,http://human.owl#NCI_C49214,True,,594.0,few_shot_rag,5,meta-llama/llama-3.1-70b-instruct
