Source,Target,LLMDecision,LLMConfidence,LLMTotalTokens,LogMapScore,ExperimentType,K,Model,Prompt,Label,LogMapPred
http://human.owl#NCI_C32461,http://mouse.owl#MA_0000322,True,,127.0,,zero_shot,0,qwen/qwen3-vl-8b-instruct,direct_entity,True,False
http://human.owl#NCI_C12722,http://mouse.owl#MA_0000381,False,,128.0,,zero_shot,0,qwen/qwen3-vl-8b-instruct,direct_entity,False,False
http://human.owl#NCI_C32577,http://mouse.owl#MA_0001513,True,,131.0,,zero_shot,0,qwen/qwen3-vl-8b-instruct,direct_entity,False,False
http://human.owl#NCI_C13053,http://mouse.owl#MA_0000717,True,,136.0,,zero_shot,0,qwen/qwen3-vl-8b-instruct,direct_entity,False,False
http://human.owl#NCI_C32211,http://mouse.owl#MA_0001693,True,,141.0,,zero_shot,0,qwen/qwen3-vl-8b-instruct,direct_entity,True,False
http://human.owl#NCI_C33870,http://mouse.owl#MA_0001086,True,,143.0,,zero_shot,0,qwen/qwen3-vl-8b-instruct,direct_entity,True,False
http://human.owl#NCI_C32335,http://mouse.owl#MA_0002458,False,,131.0,,zero_shot,0,qwen/qwen3-vl-8b-instruct,direct_entity,False,False
http://human.owl#NCI_C12390,http://mouse.owl#MA_0002614,False,,134.0,,zero_shot,0,qwen/qwen3-vl-8b-instruct,direct_entity,False,False
http://human.owl#NCI_C32205,http://mouse.owl#MA_0001692,True,,132.0,,zero_shot,0,qwen/qwen3-vl-8b-instruct,direct_entity,True,False
http://human.owl#NCI_C12680,http://mouse.owl#MA_0002433,False,,132.0,,zero_shot,0,qwen/qwen3-vl-8b-instruct,direct_entity,False,False
http://human.owl#NCI_C32540,http://mouse.owl#MA_0002681,True,,141.0,,zero_shot,0,qwen/qwen3-vl-8b-instruct,direct_entity,True,False
http://human.owl#NCI_C12911,http://mouse.owl#MA_0001088,True,,136.0,,zero_shot,0,qwen/qwen3-vl-8b-instruct,direct_entity,False,False
http://human.owl#NCI_C32299,http://mouse.owl#MA_0001425,False,,138.0,,zero_shot,0,qwen/qwen3-vl-8b-instruct,direct_entity,False,False
http://human.owl#NCI_C32245,http://mouse.owl#MA_0001427,True,,138.0,,zero_shot,0,qwen/qwen3-vl-8b-instruct,direct_entity,True,False
http://human.owl#NCI_C12799,http://mouse.owl#MA_0000031,True,,124.0,,zero_shot,0,qwen/qwen3-vl-8b-instruct,direct_entity,False,False
http://human.owl#NCI_C12850,http://mouse.owl#MA_0000807,True,,134.0,,zero_shot,0,qwen/qwen3-vl-8b-instruct,direct_entity,True,False
http://human.owl#NCI_C32356,http://mouse.owl#MA_0001631,False,,135.0,,zero_shot,0,qwen/qwen3-vl-8b-instruct,direct_entity,False,False
http://human.owl#NCI_C12290,http://mouse.owl#MA_0001906,True,,127.0,,zero_shot,0,qwen/qwen3-vl-8b-instruct,direct_entity,False,False
http://human.owl#NCI_C32244,http://mouse.owl#MA_0001426,True,,138.0,,zero_shot,0,qwen/qwen3-vl-8b-instruct,direct_entity,True,False
http://human.owl#NCI_C32854,http://mouse.owl#MA_0002237,True,,134.0,,zero_shot,0,qwen/qwen3-vl-8b-instruct,direct_entity,False,False
http://human.owl#NCI_C32608,http://mouse.owl#MA_0000041,True,,130.0,,zero_shot,0,qwen/qwen3-vl-8b-instruct,direct_entity,True,False
http://human.owl#NCI_C32356,http://mouse.owl#MA_0000357,True,,139.0,,zero_shot,0,qwen/qwen3-vl-8b-instruct,direct_entity,False,False
http://human.owl#NCI_C32656,http://mouse.owl#MA_0001614,True,,138.0,,zero_shot,0,qwen/qwen3-vl-8b-instruct,direct_entity,False,False
http://human.owl#NCI_C32931,http://mouse.owl#MA_0001545,False,,133.0,,zero_shot,0,qwen/qwen3-vl-8b-instruct,direct_entity,False,False
http://human.owl#NCI_C32494,http://mouse.owl#MA_0000485,True,,135.0,,zero_shot,0,qwen/qwen3-vl-8b-instruct,direct_entity,False,False
http://human.owl#NCI_C13017,http://mouse.owl#MA_0000396,False,,132.0,,zero_shot,0,qwen/qwen3-vl-8b-instruct,direct_entity,False,False
http://human.owl#NCI_C12234,http://mouse.owl#MA_0001589,True,,143.0,,zero_shot,0,qwen/qwen3-vl-8b-instruct,direct_entity,False,False
http://human.owl#NCI_C33725,http://mouse.owl#MA_0001440,True,,137.0,,zero_shot,0,qwen/qwen3-vl-8b-instruct,direct_entity,True,False
http://human.owl#NCI_C52552,http://mouse.owl#MA_0002523,False,,141.0,,zero_shot,0,qwen/qwen3-vl-8b-instruct,direct_entity,False,False
http://human.owl#NCI_C12331,http://mouse.owl#MA_0000380,False,,132.0,,zero_shot,0,qwen/qwen3-vl-8b-instruct,direct_entity,False,False
http://human.owl#NCI_C32065,http://mouse.owl#MA_0000887,True,,129.0,,zero_shot,0,qwen/qwen3-vl-8b-instruct,direct_entity,True,False
http://human.owl#NCI_C32857,http://mouse.owl#MA_0002346,True,,144.0,,zero_shot,0,qwen/qwen3-vl-8b-instruct,direct_entity,True,False
http://human.owl#NCI_C32554,http://mouse.owl#MA_0001354,True,,145.0,,zero_shot,0,qwen/qwen3-vl-8b-instruct,direct_entity,True,False
http://human.owl#NCI_C32249,http://mouse.owl#MA_0000953,True,,142.0,,zero_shot,0,qwen/qwen3-vl-8b-instruct,direct_entity,True,False
http://human.owl#NCI_C49246,http://mouse.owl#MA_0001766,True,,138.0,,zero_shot,0,qwen/qwen3-vl-8b-instruct,direct_entity,True,False
http://human.owl#NCI_C12472,http://mouse.owl#MA_0000056,True,,127.0,,zero_shot,0,qwen/qwen3-vl-8b-instruct,direct_entity,False,False
http://human.owl#NCI_C12449,http://mouse.owl#MA_0000889,True,,131.0,,zero_shot,0,qwen/qwen3-vl-8b-instruct,direct_entity,True,False
http://human.owl#NCI_C33547,http://mouse.owl#MA_0000631,False,,134.0,,zero_shot,0,qwen/qwen3-vl-8b-instruct,direct_entity,False,False
http://human.owl#NCI_C12413,http://mouse.owl#MA_0000325,True,,132.0,,zero_shot,0,qwen/qwen3-vl-8b-instruct,direct_entity,True,False
http://human.owl#NCI_C48941,http://mouse.owl#MA_0002493,True,,130.0,,zero_shot,0,qwen/qwen3-vl-8b-instruct,direct_entity,True,False
http://human.owl#NCI_C32570,http://mouse.owl#MA_0002360,True,,141.0,,zero_shot,0,qwen/qwen3-vl-8b-instruct,direct_entity,True,False
http://human.owl#NCI_C12771,http://mouse.owl#MA_0000731,False,,140.0,,zero_shot,0,qwen/qwen3-vl-8b-instruct,direct_entity,False,False
http://human.owl#NCI_C40186,http://mouse.owl#MA_0000690,True,,126.0,,zero_shot,0,qwen/qwen3-vl-8b-instruct,direct_entity,True,False
http://human.owl#NCI_C13345,http://mouse.owl#MA_0002474,False,,128.0,,zero_shot,0,qwen/qwen3-vl-8b-instruct,direct_entity,False,False
http://human.owl#NCI_C33049,http://mouse.owl#MA_0001753,True,,133.0,,zero_shot,0,qwen/qwen3-vl-8b-instruct,direct_entity,False,False
http://human.owl#NCI_C12382,http://mouse.owl#MA_0001527,False,,128.0,,zero_shot,0,qwen/qwen3-vl-8b-instruct,direct_entity,False,False
http://human.owl#NCI_C33879,http://mouse.owl#MA_0002607,True,,140.0,,zero_shot,0,qwen/qwen3-vl-8b-instruct,direct_entity,True,False
http://human.owl#NCI_C12858,http://mouse.owl#MA_0001331,False,,135.0,,zero_shot,0,qwen/qwen3-vl-8b-instruct,direct_entity,False,False
http://human.owl#NCI_C12379,http://mouse.owl#MA_0001527,True,,131.0,,zero_shot,0,qwen/qwen3-vl-8b-instruct,direct_entity,False,False
http://human.owl#NCI_C32223,http://mouse.owl#MA_0000688,True,,129.0,,zero_shot,0,qwen/qwen3-vl-8b-instruct,direct_entity,True,False
http://human.owl#NCI_C32248,http://mouse.owl#MA_0000952,True,,142.0,,zero_shot,0,qwen/qwen3-vl-8b-instruct,direct_entity,True,False
http://human.owl#NCI_C13076,http://mouse.owl#MA_0001459,True,,126.0,,zero_shot,0,qwen/qwen3-vl-8b-instruct,direct_entity,False,False
http://human.owl#NCI_C49247,http://mouse.owl#MA_0001765,True,,143.0,,zero_shot,0,qwen/qwen3-vl-8b-instruct,direct_entity,True,False
http://human.owl#NCI_C32246,http://mouse.owl#MA_0000950,True,,142.0,,zero_shot,0,qwen/qwen3-vl-8b-instruct,direct_entity,True,False
http://human.owl#NCI_C32484,http://mouse.owl#MA_0001735,True,,135.0,,zero_shot,0,qwen/qwen3-vl-8b-instruct,direct_entity,False,False
http://human.owl#NCI_C32988,http://mouse.owl#MA_0000773,True,,134.0,,zero_shot,0,qwen/qwen3-vl-8b-instruct,direct_entity,True,False
http://human.owl#NCI_C12233,http://mouse.owl#MA_0001588,True,,139.0,,zero_shot,0,qwen/qwen3-vl-8b-instruct,direct_entity,False,False
http://human.owl#NCI_C33870,http://mouse.owl#MA_0001111,False,,142.0,,zero_shot,0,qwen/qwen3-vl-8b-instruct,direct_entity,False,False
http://human.owl#NCI_C32161,http://mouse.owl#MA_0002576,True,,131.0,,zero_shot,0,qwen/qwen3-vl-8b-instruct,direct_entity,False,False
http://human.owl#NCI_C32247,http://mouse.owl#MA_0000951,True,,142.0,,zero_shot,0,qwen/qwen3-vl-8b-instruct,direct_entity,True,False
http://human.owl#NCI_C33605,http://mouse.owl#MA_0000761,True,,132.0,,zero_shot,0,qwen/qwen3-vl-8b-instruct,direct_entity,True,False
http://human.owl#NCI_C32105,http://mouse.owl#MA_0000211,False,,136.0,,zero_shot,0,qwen/qwen3-vl-8b-instruct,direct_entity,False,False
http://human.owl#NCI_C32974,http://mouse.owl#MA_0000051,False,,127.0,,zero_shot,0,qwen/qwen3-vl-8b-instruct,direct_entity,False,False
http://human.owl#NCI_C49227,http://mouse.owl#MA_0001632,True,,141.0,,zero_shot,0,qwen/qwen3-vl-8b-instruct,direct_entity,True,False
http://human.owl#NCI_C33022,http://mouse.owl#MA_0000428,True,,143.0,,zero_shot,0,qwen/qwen3-vl-8b-instruct,direct_entity,True,False
http://human.owl#NCI_C33728,http://mouse.owl#MA_0001443,True,,137.0,,zero_shot,0,qwen/qwen3-vl-8b-instruct,direct_entity,True,False
http://human.owl#NCI_C48822,http://mouse.owl#MA_0000919,False,,,,zero_shot,0,qwen/qwen3-vl-8b-instruct,direct_entity,False,False
http://human.owl#NCI_C33355,http://mouse.owl#MA_0002749,False,,,,zero_shot,0,qwen/qwen3-vl-8b-instruct,direct_entity,False,False
http://human.owl#NCI_C12831,http://mouse.owl#MA_0002023,False,,,,zero_shot,0,qwen/qwen3-vl-8b-instruct,direct_entity,False,False
http://human.owl#NCI_C33729,http://mouse.owl#MA_0001444,True,,137.0,,zero_shot,0,qwen/qwen3-vl-8b-instruct,direct_entity,True,False
http://human.owl#NCI_C32136,http://mouse.owl#MA_0001114,True,,142.0,,zero_shot,0,qwen/qwen3-vl-8b-instruct,direct_entity,True,False
http://human.owl#NCI_C52717,http://mouse.owl#MA_0000179,False,,131.0,,zero_shot,0,qwen/qwen3-vl-8b-instruct,direct_entity,False,False
http://human.owl#NCI_C28351,http://mouse.owl#MA_0001098,False,,130.0,,zero_shot,0,qwen/qwen3-vl-8b-instruct,direct_entity,False,False
http://human.owl#NCI_C33023,http://mouse.owl#MA_0000429,True,,142.0,,zero_shot,0,qwen/qwen3-vl-8b-instruct,direct_entity,True,False
http://human.owl#NCI_C52701,http://mouse.owl#MA_0002303,True,,152.0,,zero_shot,0,qwen/qwen3-vl-8b-instruct,direct_entity,True,False
http://human.owl#NCI_C33736,http://mouse.owl#MA_0000270,False,,135.0,,zero_shot,0,qwen/qwen3-vl-8b-instruct,direct_entity,True,False
http://human.owl#NCI_C32154,http://mouse.owl#MA_0001677,True,,146.0,,zero_shot,0,qwen/qwen3-vl-8b-instruct,direct_entity,False,False
http://human.owl#NCI_C33727,http://mouse.owl#MA_0001442,True,,137.0,,zero_shot,0,qwen/qwen3-vl-8b-instruct,direct_entity,True,False
http://human.owl#NCI_C32927,http://mouse.owl#MA_0001548,True,,140.0,,zero_shot,0,qwen/qwen3-vl-8b-instruct,direct_entity,False,False
http://human.owl#NCI_C12486,http://mouse.owl#MA_0002501,False,,129.0,,zero_shot,0,qwen/qwen3-vl-8b-instruct,direct_entity,False,False
http://human.owl#NCI_C12688,http://mouse.owl#MA_0000040,False,,134.0,,zero_shot,0,qwen/qwen3-vl-8b-instruct,direct_entity,False,False
http://human.owl#NCI_C33504,http://mouse.owl#MA_0000313,True,,132.0,,zero_shot,0,qwen/qwen3-vl-8b-instruct,direct_entity,False,False
http://human.owl#NCI_C33441,http://mouse.owl#MA_0002363,True,,136.0,,zero_shot,0,qwen/qwen3-vl-8b-instruct,direct_entity,True,False
http://human.owl#NCI_C33498,http://mouse.owl#MA_0001434,True,,137.0,,zero_shot,0,qwen/qwen3-vl-8b-instruct,direct_entity,True,False
http://human.owl#NCI_C33508,http://mouse.owl#MA_0000313,False,,129.0,,zero_shot,0,qwen/qwen3-vl-8b-instruct,direct_entity,False,False
http://human.owl#NCI_C33459,http://mouse.owl#MA_0002608,True,,136.0,,zero_shot,0,qwen/qwen3-vl-8b-instruct,direct_entity,False,False
http://human.owl#NCI_C32534,http://mouse.owl#MA_0000778,True,,141.0,,zero_shot,0,qwen/qwen3-vl-8b-instruct,direct_entity,True,False
http://human.owl#NCI_C33499,http://mouse.owl#MA_0001435,True,,137.0,,zero_shot,0,qwen/qwen3-vl-8b-instruct,direct_entity,True,False
http://human.owl#NCI_C33608,http://mouse.owl#MA_0002164,True,,128.0,,zero_shot,0,qwen/qwen3-vl-8b-instruct,direct_entity,True,False
http://human.owl#NCI_C33666,http://mouse.owl#MA_0002242,False,,134.0,,zero_shot,0,qwen/qwen3-vl-8b-instruct,direct_entity,False,False
http://human.owl#NCI_C32652,http://mouse.owl#MA_0000901,False,,136.0,,zero_shot,0,qwen/qwen3-vl-8b-instruct,direct_entity,False,False
http://human.owl#NCI_C32199,http://mouse.owl#MA_0002419,False,,129.0,,zero_shot,0,qwen/qwen3-vl-8b-instruct,direct_entity,False,False
http://human.owl#NCI_C33726,http://mouse.owl#MA_0001441,True,,137.0,,zero_shot,0,qwen/qwen3-vl-8b-instruct,direct_entity,True,False
http://human.owl#NCI_C33466,http://mouse.owl#MA_0000803,False,,134.0,,zero_shot,0,qwen/qwen3-vl-8b-instruct,direct_entity,False,False
http://human.owl#NCI_C33287,http://mouse.owl#MA_0000655,False,,128.0,,zero_shot,0,qwen/qwen3-vl-8b-instruct,direct_entity,False,False
http://human.owl#NCI_C32807,http://mouse.owl#MA_0001313,True,,138.0,,zero_shot,0,qwen/qwen3-vl-8b-instruct,direct_entity,True,False
http://human.owl#NCI_C32480,http://mouse.owl#MA_0000863,False,,141.0,,zero_shot,0,qwen/qwen3-vl-8b-instruct,direct_entity,False,False
http://human.owl#NCI_C33805,http://mouse.owl#MA_0002396,True,,130.0,,zero_shot,0,qwen/qwen3-vl-8b-instruct,direct_entity,False,False
http://human.owl#NCI_C12861,http://mouse.owl#MA_0000622,True,,138.0,,zero_shot,0,qwen/qwen3-vl-8b-instruct,direct_entity,False,False
http://human.owl#NCI_C12717,http://mouse.owl#MA_0000682,True,,134.0,,zero_shot,0,qwen/qwen3-vl-8b-instruct,direct_entity,False,False
http://human.owl#NCI_C12868,http://mouse.owl#MA_0001871,False,,131.0,,zero_shot,0,qwen/qwen3-vl-8b-instruct,direct_entity,False,False
http://human.owl#NCI_C33723,http://mouse.owl#MA_0001449,True,,139.0,,zero_shot,0,qwen/qwen3-vl-8b-instruct,direct_entity,True,False
http://human.owl#NCI_C12272,http://mouse.owl#MA_0000126,True,,132.0,,zero_shot,0,qwen/qwen3-vl-8b-instruct,direct_entity,False,False
http://human.owl#NCI_C32144,http://mouse.owl#MA_0000109,True,,131.0,,zero_shot,0,qwen/qwen3-vl-8b-instruct,direct_entity,False,False
http://human.owl#NCI_C33721,http://mouse.owl#MA_0001447,True,,139.0,,zero_shot,0,qwen/qwen3-vl-8b-instruct,direct_entity,True,False
http://human.owl#NCI_C12704,http://mouse.owl#MA_0000012,False,,128.0,,zero_shot,0,qwen/qwen3-vl-8b-instruct,direct_entity,False,False
http://human.owl#NCI_C32108,http://mouse.owl#MA_0001302,False,,138.0,,zero_shot,0,qwen/qwen3-vl-8b-instruct,direct_entity,True,False
http://human.owl#NCI_C33722,http://mouse.owl#MA_0001448,True,,139.0,,zero_shot,0,qwen/qwen3-vl-8b-instruct,direct_entity,True,False
http://human.owl#NCI_C32726,http://mouse.owl#MA_0000200,True,,134.0,,zero_shot,0,qwen/qwen3-vl-8b-instruct,direct_entity,True,False
http://human.owl#NCI_C52698,http://mouse.owl#MA_0002148,True,,133.0,,zero_shot,0,qwen/qwen3-vl-8b-instruct,direct_entity,False,False
http://human.owl#NCI_C32226,http://mouse.owl#MA_0001240,False,,131.0,,zero_shot,0,qwen/qwen3-vl-8b-instruct,direct_entity,False,False
http://human.owl#NCI_C32779,http://mouse.owl#MA_0001101,True,,138.0,,zero_shot,0,qwen/qwen3-vl-8b-instruct,direct_entity,False,False
http://human.owl#NCI_C33730,http://mouse.owl#MA_0001445,True,,137.0,,zero_shot,0,qwen/qwen3-vl-8b-instruct,direct_entity,True,False
http://human.owl#NCI_C33070,http://mouse.owl#MA_0002176,False,,134.0,,zero_shot,0,qwen/qwen3-vl-8b-instruct,direct_entity,False,False
http://human.owl#NCI_C33731,http://mouse.owl#MA_0001446,True,,137.0,,zero_shot,0,qwen/qwen3-vl-8b-instruct,direct_entity,True,False
http://human.owl#NCI_C33889,http://mouse.owl#MA_0000058,True,,131.0,,zero_shot,0,qwen/qwen3-vl-8b-instruct,direct_entity,True,False
http://human.owl#NCI_C33460,http://mouse.owl#MA_0001652,False,,130.0,,zero_shot,0,qwen/qwen3-vl-8b-instruct,direct_entity,False,False
http://human.owl#NCI_C33150,http://mouse.owl#MA_0002331,True,,135.0,,zero_shot,0,qwen/qwen3-vl-8b-instruct,direct_entity,True,False
http://human.owl#NCI_C28287,http://mouse.owl#MA_0000019,False,,132.0,,zero_shot,0,qwen/qwen3-vl-8b-instruct,direct_entity,True,False
http://human.owl#NCI_C49140,http://mouse.owl#MA_0000876,False,,149.0,,zero_shot,0,qwen/qwen3-vl-8b-instruct,direct_entity,False,False
http://human.owl#NCI_C12382,http://mouse.owl#MA_0000335,True,,125.0,,zero_shot,0,qwen/qwen3-vl-8b-instruct,direct_entity,True,False
http://human.owl#NCI_C33215,http://mouse.owl#MA_0001104,True,,136.0,,zero_shot,0,qwen/qwen3-vl-8b-instruct,direct_entity,True,False
http://human.owl#NCI_C12714,http://mouse.owl#MA_0001109,False,,137.0,,zero_shot,0,qwen/qwen3-vl-8b-instruct,direct_entity,False,False
http://human.owl#NCI_C12919,http://mouse.owl#MA_0000003,False,,130.0,,zero_shot,0,qwen/qwen3-vl-8b-instruct,direct_entity,False,False
http://human.owl#NCI_C52799,http://mouse.owl#MA_0000043,False,,127.0,,zero_shot,0,qwen/qwen3-vl-8b-instruct,direct_entity,False,False
http://human.owl#NCI_C12379,http://mouse.owl#MA_0000335,True,,128.0,,zero_shot,0,qwen/qwen3-vl-8b-instruct,direct_entity,False,False
http://human.owl#NCI_C33812,http://mouse.owl#MA_0002399,True,,129.0,,zero_shot,0,qwen/qwen3-vl-8b-instruct,direct_entity,True,False
http://human.owl#NCI_C33229,http://mouse.owl#MA_0002433,False,,130.0,,zero_shot,0,qwen/qwen3-vl-8b-instruct,direct_entity,False,False
http://human.owl#NCI_C32318,http://mouse.owl#MA_0002702,False,,129.0,,zero_shot,0,qwen/qwen3-vl-8b-instruct,direct_entity,False,False
http://human.owl#NCI_C32040,http://mouse.owl#MA_0002268,True,,133.0,,zero_shot,0,qwen/qwen3-vl-8b-instruct,direct_entity,False,False
http://human.owl#NCI_C32291,http://mouse.owl#MA_0001056,True,,135.0,,zero_shot,0,qwen/qwen3-vl-8b-instruct,direct_entity,False,False
http://human.owl#NCI_C33188,http://mouse.owl#MA_0001053,False,,,,zero_shot,0,qwen/qwen3-vl-8b-instruct,direct_entity,True,False
http://human.owl#NCI_C32069,http://mouse.owl#MA_0000860,False,,,,zero_shot,0,qwen/qwen3-vl-8b-instruct,direct_entity,False,False
http://human.owl#NCI_C33456,http://mouse.owl#MA_0001657,False,,,,zero_shot,0,qwen/qwen3-vl-8b-instruct,direct_entity,False,False
http://human.owl#NCI_C33616,http://mouse.owl#MA_0002384,False,,,,zero_shot,0,qwen/qwen3-vl-8b-instruct,direct_entity,True,False
http://human.owl#NCI_C32681,http://mouse.owl#MA_0001702,True,,135.0,,zero_shot,0,qwen/qwen3-vl-8b-instruct,direct_entity,True,False
http://human.owl#NCI_C32934,http://mouse.owl#MA_0001768,True,,137.0,,zero_shot,0,qwen/qwen3-vl-8b-instruct,direct_entity,True,False
http://human.owl#NCI_C33888,http://mouse.owl#MA_0001496,True,,131.0,,zero_shot,0,qwen/qwen3-vl-8b-instruct,direct_entity,True,False
http://human.owl#NCI_C32824,http://mouse.owl#MA_0001829,True,,137.0,,zero_shot,0,qwen/qwen3-vl-8b-instruct,direct_entity,False,False
http://human.owl#NCI_C33695,http://mouse.owl#MA_0001211,True,,139.0,,zero_shot,0,qwen/qwen3-vl-8b-instruct,direct_entity,False,False
http://human.owl#NCI_C12594,http://mouse.owl#MA_0001469,False,,138.0,,zero_shot,0,qwen/qwen3-vl-8b-instruct,direct_entity,False,False
http://human.owl#NCI_C33500,http://mouse.owl#MA_0001436,True,,137.0,,zero_shot,0,qwen/qwen3-vl-8b-instruct,direct_entity,True,False
http://human.owl#NCI_C52734,http://mouse.owl#MA_0002060,False,,141.0,,zero_shot,0,qwen/qwen3-vl-8b-instruct,direct_entity,False,False
http://human.owl#NCI_C33501,http://mouse.owl#MA_0001437,True,,137.0,,zero_shot,0,qwen/qwen3-vl-8b-instruct,direct_entity,True,False
http://human.owl#NCI_C45912,http://mouse.owl#MA_0000858,False,,130.0,,zero_shot,0,qwen/qwen3-vl-8b-instruct,direct_entity,False,False
http://human.owl#NCI_C32231,http://mouse.owl#MA_0001839,True,,151.0,,zero_shot,0,qwen/qwen3-vl-8b-instruct,direct_entity,True,False
http://human.owl#NCI_C32290,http://mouse.owl#MA_0001004,False,,133.0,,zero_shot,0,qwen/qwen3-vl-8b-instruct,direct_entity,False,False
http://human.owl#NCI_C12990,http://mouse.owl#MA_0000992,False,,129.0,,zero_shot,0,qwen/qwen3-vl-8b-instruct,direct_entity,False,False
http://human.owl#NCI_C33436,http://mouse.owl#MA_0001654,True,,133.0,,zero_shot,0,qwen/qwen3-vl-8b-instruct,direct_entity,False,False
http://human.owl#NCI_C12849,http://mouse.owl#MA_0001473,False,,135.0,,zero_shot,0,qwen/qwen3-vl-8b-instruct,direct_entity,False,False
http://human.owl#NCI_C33044,http://mouse.owl#MA_0001306,True,,127.0,,zero_shot,0,qwen/qwen3-vl-8b-instruct,direct_entity,False,False
http://human.owl#NCI_C33371,http://mouse.owl#MA_0000976,False,,133.0,,zero_shot,0,qwen/qwen3-vl-8b-instruct,direct_entity,False,False
http://human.owl#NCI_C25177,http://mouse.owl#MA_0001752,False,,129.0,,zero_shot,0,qwen/qwen3-vl-8b-instruct,direct_entity,False,False
http://human.owl#NCI_C32705,http://mouse.owl#MA_0000155,False,,127.0,,zero_shot,0,qwen/qwen3-vl-8b-instruct,direct_entity,True,False
http://human.owl#NCI_C12448,http://mouse.owl#MA_0000893,True,,131.0,,zero_shot,0,qwen/qwen3-vl-8b-instruct,direct_entity,False,False
http://human.owl#NCI_C12472,http://mouse.owl#MA_0002481,True,,128.0,,zero_shot,0,qwen/qwen3-vl-8b-instruct,direct_entity,False,False
http://human.owl#NCI_C12452,http://mouse.owl#MA_0000893,True,,872.0,,zero_shot,0,qwen/qwen3-vl-8b-instruct,direct_entity,False,False
http://human.owl#NCI_C29667,http://mouse.owl#MA_0000014,False,,129.0,,zero_shot,0,qwen/qwen3-vl-8b-instruct,direct_entity,False,False
http://human.owl#NCI_C32975,http://mouse.owl#MA_0000275,False,,128.0,,zero_shot,0,qwen/qwen3-vl-8b-instruct,direct_entity,False,False
http://human.owl#NCI_C12983,http://mouse.owl#MA_0000592,True,,139.0,,zero_shot,0,qwen/qwen3-vl-8b-instruct,direct_entity,False,False
http://human.owl#NCI_C34004,http://mouse.owl#MA_0000021,False,,135.0,,zero_shot,0,qwen/qwen3-vl-8b-instruct,direct_entity,False,False
http://human.owl#NCI_C32529,http://mouse.owl#MA_0001362,True,,134.0,,zero_shot,0,qwen/qwen3-vl-8b-instruct,direct_entity,False,False
http://human.owl#NCI_C33049,http://mouse.owl#MA_0000407,True,,130.0,,zero_shot,0,qwen/qwen3-vl-8b-instruct,direct_entity,False,False
http://human.owl#NCI_C12742,http://mouse.owl#MA_0000047,False,,126.0,,zero_shot,0,qwen/qwen3-vl-8b-instruct,direct_entity,False,False
http://human.owl#NCI_C12313,http://mouse.owl#MA_0001722,False,,127.0,,zero_shot,0,qwen/qwen3-vl-8b-instruct,direct_entity,False,False
http://human.owl#NCI_C32334,http://mouse.owl#MA_0000310,True,,133.0,,zero_shot,0,qwen/qwen3-vl-8b-instruct,direct_entity,False,False
http://human.owl#NCI_C12998,http://mouse.owl#MA_0002749,False,,131.0,,zero_shot,0,qwen/qwen3-vl-8b-instruct,direct_entity,False,False
http://human.owl#NCI_C32268,http://mouse.owl#MA_0000104,True,,132.0,,zero_shot,0,qwen/qwen3-vl-8b-instruct,direct_entity,False,False
http://human.owl#NCI_C32567,http://mouse.owl#MA_0002345,True,,144.0,,zero_shot,0,qwen/qwen3-vl-8b-instruct,direct_entity,True,False
http://human.owl#NCI_C33423,http://mouse.owl#MA_0001338,True,,129.0,,zero_shot,0,qwen/qwen3-vl-8b-instruct,direct_entity,True,False
http://human.owl#NCI_C12332,http://mouse.owl#MA_0001694,True,,134.0,,zero_shot,0,qwen/qwen3-vl-8b-instruct,direct_entity,False,False
http://human.owl#NCI_C12697,http://mouse.owl#MA_0001085,False,,140.0,,zero_shot,0,qwen/qwen3-vl-8b-instruct,direct_entity,False,False
http://human.owl#NCI_C12808,http://mouse.owl#MA_0001075,False,,135.0,,zero_shot,0,qwen/qwen3-vl-8b-instruct,direct_entity,False,False
http://human.owl#NCI_C12697,http://mouse.owl#MA_0001110,True,,139.0,,zero_shot,0,qwen/qwen3-vl-8b-instruct,direct_entity,True,False
http://human.owl#NCI_C33116,http://mouse.owl#MA_0001353,True,,145.0,,zero_shot,0,qwen/qwen3-vl-8b-instruct,direct_entity,True,False
http://human.owl#NCI_C33101,http://mouse.owl#MA_0002606,True,,130.0,,zero_shot,0,qwen/qwen3-vl-8b-instruct,direct_entity,False,False
http://human.owl#NCI_C33012,http://mouse.owl#MA_0000435,True,,134.0,,zero_shot,0,qwen/qwen3-vl-8b-instruct,direct_entity,True,False
http://human.owl#NCI_C32291,http://mouse.owl#MA_0000212,False,,,,zero_shot,0,qwen/qwen3-vl-8b-instruct,direct_entity,False,False
http://human.owl#NCI_C32843,http://mouse.owl#MA_0000870,False,,,,zero_shot,0,qwen/qwen3-vl-8b-instruct,direct_entity,True,False
http://human.owl#NCI_C13057,http://mouse.owl#MA_0001066,False,,,,zero_shot,0,qwen/qwen3-vl-8b-instruct,direct_entity,False,False
http://human.owl#NCI_C12707,http://mouse.owl#MA_0001243,False,,,,zero_shot,0,qwen/qwen3-vl-8b-instruct,direct_entity,False,False
http://human.owl#NCI_C32959,http://mouse.owl#MA_0001716,False,,,,zero_shot,0,qwen/qwen3-vl-8b-instruct,direct_entity,True,False
http://human.owl#NCI_C32899,http://mouse.owl#MA_0001428,True,,138.0,,zero_shot,0,qwen/qwen3-vl-8b-instruct,direct_entity,True,False
http://human.owl#NCI_C12281,http://mouse.owl#MA_0001758,True,,135.0,,zero_shot,0,qwen/qwen3-vl-8b-instruct,direct_entity,True,False
http://human.owl#NCI_C13057,http://mouse.owl#MA_0001064,False,,138.0,,zero_shot,0,qwen/qwen3-vl-8b-instruct,direct_entity,False,False
http://human.owl#NCI_C32732,http://mouse.owl#MA_0002494,True,,133.0,,zero_shot,0,qwen/qwen3-vl-8b-instruct,direct_entity,True,False
http://human.owl#NCI_C33759,http://mouse.owl#MA_0000171,False,,129.0,,zero_shot,0,qwen/qwen3-vl-8b-instruct,direct_entity,False,False
http://human.owl#NCI_C12930,http://mouse.owl#MA_0000438,False,,135.0,,zero_shot,0,qwen/qwen3-vl-8b-instruct,direct_entity,False,False
http://human.owl#NCI_C33163,http://mouse.owl#MA_0000589,False,,136.0,,zero_shot,0,qwen/qwen3-vl-8b-instruct,direct_entity,False,False
http://human.owl#NCI_C48823,http://mouse.owl#MA_0000921,False,,125.0,,zero_shot,0,qwen/qwen3-vl-8b-instruct,direct_entity,False,False
http://human.owl#NCI_C33593,http://mouse.owl#MA_0001193,True,,132.0,,zero_shot,0,qwen/qwen3-vl-8b-instruct,direct_entity,False,False
http://human.owl#NCI_C12466,http://mouse.owl#MA_0000228,True,,129.0,,zero_shot,0,qwen/qwen3-vl-8b-instruct,direct_entity,False,False
http://human.owl#NCI_C32266,http://mouse.owl#MA_0000296,False,,134.0,,zero_shot,0,qwen/qwen3-vl-8b-instruct,direct_entity,True,False
http://human.owl#NCI_C33298,http://mouse.owl#MA_0001729,True,,128.0,,zero_shot,0,qwen/qwen3-vl-8b-instruct,direct_entity,False,False
http://human.owl#NCI_C33759,http://mouse.owl#MA_0000179,True,,128.0,,zero_shot,0,qwen/qwen3-vl-8b-instruct,direct_entity,False,False
http://human.owl#NCI_C33746,http://mouse.owl#MA_0002117,False,,140.0,,zero_shot,0,qwen/qwen3-vl-8b-instruct,direct_entity,False,False
http://human.owl#NCI_C33216,http://mouse.owl#MA_0002011,True,,140.0,,zero_shot,0,qwen/qwen3-vl-8b-instruct,direct_entity,True,False
http://human.owl#NCI_C32556,http://mouse.owl#MA_0000869,False,,135.0,,zero_shot,0,qwen/qwen3-vl-8b-instruct,direct_entity,True,False
http://human.owl#NCI_C32040,http://mouse.owl#MA_0000520,True,,139.0,,zero_shot,0,qwen/qwen3-vl-8b-instruct,direct_entity,True,False
http://human.owl#NCI_C12336,http://mouse.owl#MA_0002491,True,,131.0,,zero_shot,0,qwen/qwen3-vl-8b-instruct,direct_entity,True,False
http://human.owl#NCI_C32141,http://mouse.owl#MA_0000035,False,,127.0,,zero_shot,0,qwen/qwen3-vl-8b-instruct,direct_entity,False,False
http://human.owl#NCI_C12675,http://mouse.owl#MA_0000401,False,,136.0,,zero_shot,0,qwen/qwen3-vl-8b-instruct,direct_entity,False,False
http://human.owl#NCI_C13092,http://mouse.owl#MA_0002422,False,,142.0,,zero_shot,0,qwen/qwen3-vl-8b-instruct,direct_entity,False,False
http://human.owl#NCI_C33894,http://mouse.owl#MA_0000461,True,,133.0,,zero_shot,0,qwen/qwen3-vl-8b-instruct,direct_entity,False,False
http://human.owl#NCI_C45713,http://mouse.owl#MA_0000768,True,,138.0,,zero_shot,0,qwen/qwen3-vl-8b-instruct,direct_entity,True,False
http://human.owl#NCI_C33770,http://mouse.owl#MA_0000766,True,,132.0,,zero_shot,0,qwen/qwen3-vl-8b-instruct,direct_entity,True,False
http://human.owl#NCI_C33203,http://mouse.owl#MA_0001326,False,,142.0,,zero_shot,0,qwen/qwen3-vl-8b-instruct,direct_entity,False,False
http://human.owl#NCI_C13157,http://mouse.owl#MA_0001355,False,,132.0,,zero_shot,0,qwen/qwen3-vl-8b-instruct,direct_entity,False,False
http://human.owl#NCI_C33884,http://mouse.owl#MA_0001286,True,,132.0,,zero_shot,0,qwen/qwen3-vl-8b-instruct,direct_entity,False,False
http://human.owl#NCI_C33203,http://mouse.owl#MA_0001325,True,,143.0,,zero_shot,0,qwen/qwen3-vl-8b-instruct,direct_entity,True,False
http://human.owl#NCI_C33205,http://mouse.owl#MA_0001325,True,,144.0,,zero_shot,0,qwen/qwen3-vl-8b-instruct,direct_entity,False,False
http://human.owl#NCI_C13050,http://mouse.owl#MA_0001578,True,,135.0,,zero_shot,0,qwen/qwen3-vl-8b-instruct,direct_entity,False,False
http://human.owl#NCI_C12789,http://mouse.owl#MA_0000317,False,,126.0,,zero_shot,0,qwen/qwen3-vl-8b-instruct,direct_entity,False,False
http://human.owl#NCI_C12858,http://mouse.owl#MA_0001347,True,,135.0,,zero_shot,0,qwen/qwen3-vl-8b-instruct,direct_entity,True,False
http://human.owl#NCI_C33459,http://mouse.owl#MA_0002616,True,,136.0,,zero_shot,0,qwen/qwen3-vl-8b-instruct,direct_entity,True,False
http://human.owl#NCI_C13092,http://mouse.owl#MA_0001739,True,,144.0,,zero_shot,0,qwen/qwen3-vl-8b-instruct,direct_entity,False,False
http://human.owl#NCI_C32225,http://mouse.owl#MA_0000753,False,,131.0,,zero_shot,0,qwen/qwen3-vl-8b-instruct,direct_entity,False,False
http://human.owl#NCI_C49221,http://mouse.owl#MA_0001565,True,,144.0,,zero_shot,0,qwen/qwen3-vl-8b-instruct,direct_entity,True,False
http://human.owl#NCI_C33475,http://mouse.owl#MA_0001717,True,,135.0,,zero_shot,0,qwen/qwen3-vl-8b-instruct,direct_entity,True,False
http://human.owl#NCI_C12749,http://mouse.owl#MA_0000265,False,,126.0,,zero_shot,0,qwen/qwen3-vl-8b-instruct,direct_entity,False,False
http://human.owl#NCI_C49137,http://mouse.owl#MA_0001460,False,,143.0,,zero_shot,0,qwen/qwen3-vl-8b-instruct,direct_entity,False,False
http://human.owl#NCI_C32977,http://mouse.owl#MA_0000896,True,,132.0,,zero_shot,0,qwen/qwen3-vl-8b-instruct,direct_entity,False,False
http://human.owl#NCI_C32456,http://mouse.owl#MA_0002624,True,,139.0,,zero_shot,0,qwen/qwen3-vl-8b-instruct,direct_entity,False,False
http://human.owl#NCI_C32235,http://mouse.owl#MA_0000057,True,,131.0,,zero_shot,0,qwen/qwen3-vl-8b-instruct,direct_entity,True,False
http://human.owl#NCI_C12884,http://mouse.owl#MA_0001693,True,,138.0,,zero_shot,0,qwen/qwen3-vl-8b-instruct,direct_entity,False,False
http://human.owl#NCI_C33378,http://mouse.owl#MA_0001214,True,,139.0,,zero_shot,0,qwen/qwen3-vl-8b-instruct,direct_entity,False,False
http://human.owl#NCI_C33209,http://mouse.owl#MA_0001623,False,,128.0,,zero_shot,0,qwen/qwen3-vl-8b-instruct,direct_entity,False,False
http://human.owl#NCI_C12651,http://mouse.owl#MA_0000997,False,,139.0,,zero_shot,0,qwen/qwen3-vl-8b-instruct,direct_entity,False,False
http://human.owl#NCI_C12371,http://mouse.owl#MA_0002441,True,,135.0,,zero_shot,0,qwen/qwen3-vl-8b-instruct,direct_entity,False,False
http://human.owl#NCI_C12336,http://mouse.owl#MA_0000588,False,,135.0,,zero_shot,0,qwen/qwen3-vl-8b-instruct,direct_entity,False,False
http://human.owl#NCI_C33641,http://mouse.owl#MA_0001302,False,,148.0,,zero_shot,0,qwen/qwen3-vl-8b-instruct,direct_entity,False,False
http://human.owl#NCI_C34082,http://mouse.owl#MA_0000323,False,,136.0,,zero_shot,0,qwen/qwen3-vl-8b-instruct,direct_entity,True,False
http://human.owl#NCI_C12848,http://mouse.owl#MA_0001725,False,,143.0,,zero_shot,0,qwen/qwen3-vl-8b-instruct,direct_entity,False,False
http://human.owl#NCI_C33443,http://mouse.owl#MA_0002567,True,,132.0,,zero_shot,0,qwen/qwen3-vl-8b-instruct,direct_entity,True,False
http://human.owl#NCI_C33817,http://mouse.owl#MA_0000844,False,,129.0,,zero_shot,0,qwen/qwen3-vl-8b-instruct,direct_entity,False,False
http://human.owl#NCI_C33788,http://mouse.owl#MA_0000048,True,,129.0,,zero_shot,0,qwen/qwen3-vl-8b-instruct,direct_entity,True,False
http://human.owl#NCI_C12743,http://mouse.owl#MA_0001300,False,,129.0,,zero_shot,0,qwen/qwen3-vl-8b-instruct,direct_entity,False,False
http://human.owl#NCI_C33588,http://mouse.owl#MA_0002749,False,,133.0,,zero_shot,0,qwen/qwen3-vl-8b-instruct,direct_entity,False,False
http://human.owl#NCI_C49262,http://mouse.owl#MA_0001325,False,,154.0,,zero_shot,0,qwen/qwen3-vl-8b-instruct,direct_entity,False,False
http://human.owl#NCI_C33630,http://mouse.owl#MA_0000802,True,,131.0,,zero_shot,0,qwen/qwen3-vl-8b-instruct,direct_entity,False,False
http://human.owl#NCI_C32817,http://mouse.owl#MA_0000909,True,,132.0,,zero_shot,0,qwen/qwen3-vl-8b-instruct,direct_entity,False,False
http://human.owl#NCI_C33050,http://mouse.owl#MA_0002643,True,,132.0,,zero_shot,0,qwen/qwen3-vl-8b-instruct,direct_entity,False,False
http://human.owl#NCI_C32289,http://mouse.owl#MA_0002747,True,,133.0,,zero_shot,0,qwen/qwen3-vl-8b-instruct,direct_entity,True,False
http://human.owl#NCI_C33528,http://mouse.owl#MA_0000249,True,,129.0,,zero_shot,0,qwen/qwen3-vl-8b-instruct,direct_entity,False,False
http://human.owl#NCI_C33271,http://mouse.owl#MA_0002605,True,,142.0,,zero_shot,0,qwen/qwen3-vl-8b-instruct,direct_entity,True,False
http://human.owl#NCI_C33721,http://mouse.owl#MA_0000314,True,,133.0,,zero_shot,0,qwen/qwen3-vl-8b-instruct,direct_entity,False,False
http://human.owl#NCI_C33630,http://mouse.owl#MA_0000800,True,,131.0,,zero_shot,0,qwen/qwen3-vl-8b-instruct,direct_entity,True,False
http://human.owl#NCI_C32425,http://mouse.owl#MA_0000390,False,,129.0,,zero_shot,0,qwen/qwen3-vl-8b-instruct,direct_entity,False,False
http://human.owl#NCI_C12998,http://mouse.owl#MA_0000308,True,,129.0,,zero_shot,0,qwen/qwen3-vl-8b-instruct,direct_entity,False,False
http://human.owl#NCI_C49223,http://mouse.owl#MA_0001568,True,,146.0,,zero_shot,0,qwen/qwen3-vl-8b-instruct,direct_entity,True,False
http://human.owl#NCI_C32900,http://mouse.owl#MA_0001429,True,,138.0,,zero_shot,0,qwen/qwen3-vl-8b-instruct,direct_entity,True,False
http://human.owl#NCI_C33631,http://mouse.owl#MA_0000801,False,,131.0,,zero_shot,0,qwen/qwen3-vl-8b-instruct,direct_entity,True,False
http://human.owl#NCI_C33282,http://mouse.owl#MA_0000666,False,,133.0,,zero_shot,0,qwen/qwen3-vl-8b-instruct,direct_entity,False,False
http://human.owl#NCI_C32487,http://mouse.owl#MA_0000126,True,,136.0,,zero_shot,0,qwen/qwen3-vl-8b-instruct,direct_entity,False,False
http://human.owl#NCI_C34060,http://mouse.owl#MA_0000219,False,,135.0,,zero_shot,0,qwen/qwen3-vl-8b-instruct,direct_entity,False,False
http://human.owl#NCI_C32487,http://mouse.owl#MA_0000125,True,,137.0,,zero_shot,0,qwen/qwen3-vl-8b-instruct,direct_entity,False,False
http://human.owl#NCI_C12733,http://mouse.owl#MA_0001972,True,,138.0,,zero_shot,0,qwen/qwen3-vl-8b-instruct,direct_entity,False,False
http://human.owl#NCI_C12481,http://mouse.owl#MA_0000717,True,,132.0,,zero_shot,0,qwen/qwen3-vl-8b-instruct,direct_entity,False,False
http://human.owl#NCI_C32357,http://mouse.owl#MA_0001971,True,,135.0,,zero_shot,0,qwen/qwen3-vl-8b-instruct,direct_entity,False,False
http://human.owl#NCI_C12717,http://mouse.owl#MA_0000052,False,,132.0,,zero_shot,0,qwen/qwen3-vl-8b-instruct,direct_entity,False,False
http://human.owl#NCI_C32174,http://mouse.owl#MA_0001422,False,,138.0,,zero_shot,0,qwen/qwen3-vl-8b-instruct,direct_entity,True,False
http://human.owl#NCI_C13075,http://mouse.owl#MA_0001797,True,,137.0,,zero_shot,0,qwen/qwen3-vl-8b-instruct,direct_entity,True,False
http://human.owl#NCI_C32730,http://mouse.owl#MA_0002660,True,,131.0,,zero_shot,0,qwen/qwen3-vl-8b-instruct,direct_entity,False,False
http://human.owl#NCI_C13277,http://mouse.owl#MA_0002523,True,,135.0,,zero_shot,0,qwen/qwen3-vl-8b-instruct,direct_entity,False,False
http://human.owl#NCI_C12462,http://mouse.owl#MA_0000231,True,,137.0,,zero_shot,0,qwen/qwen3-vl-8b-instruct,direct_entity,True,False
http://human.owl#NCI_C32159,http://mouse.owl#MA_0001421,True,,138.0,,zero_shot,0,qwen/qwen3-vl-8b-instruct,direct_entity,True,False
http://human.owl#NCI_C33839,http://mouse.owl#MA_0000442,True,,134.0,,zero_shot,0,qwen/qwen3-vl-8b-instruct,direct_entity,True,False
http://human.owl#NCI_C33262,http://mouse.owl#MA_0000960,False,,136.0,,zero_shot,0,qwen/qwen3-vl-8b-instruct,direct_entity,False,False
http://human.owl#NCI_C33402,http://mouse.owl#MA_0001021,False,,143.0,,zero_shot,0,qwen/qwen3-vl-8b-instruct,direct_entity,False,False
http://human.owl#NCI_C52748,http://mouse.owl#MA_0001149,False,,144.0,,zero_shot,0,qwen/qwen3-vl-8b-instruct,direct_entity,False,False
http://human.owl#NCI_C32695,http://mouse.owl#MA_0000944,True,,133.0,,zero_shot,0,qwen/qwen3-vl-8b-instruct,direct_entity,False,False
http://human.owl#NCI_C49483,http://mouse.owl#MA_0001635,True,,141.0,,zero_shot,0,qwen/qwen3-vl-8b-instruct,direct_entity,True,False
http://human.owl#NCI_C32987,http://mouse.owl#MA_0002701,True,,143.0,,zero_shot,0,qwen/qwen3-vl-8b-instruct,direct_entity,True,False
http://human.owl#NCI_C12687,http://mouse.owl#MA_0001926,True,,134.0,,zero_shot,0,qwen/qwen3-vl-8b-instruct,direct_entity,False,False
http://human.owl#NCI_C32455,http://mouse.owl#MA_0000476,False,,130.0,,zero_shot,0,qwen/qwen3-vl-8b-instruct,direct_entity,False,False
http://human.owl#NCI_C33766,http://mouse.owl#MA_0000475,False,,130.0,,zero_shot,0,qwen/qwen3-vl-8b-instruct,direct_entity,False,False
http://human.owl#NCI_C33811,http://mouse.owl#MA_0001347,False,,142.0,,zero_shot,0,qwen/qwen3-vl-8b-instruct,direct_entity,False,False
http://human.owl#NCI_C33627,http://mouse.owl#MA_0000805,True,,134.0,,zero_shot,0,qwen/qwen3-vl-8b-instruct,direct_entity,True,False
http://human.owl#NCI_C49245,http://mouse.owl#MA_0001754,True,,143.0,,zero_shot,0,qwen/qwen3-vl-8b-instruct,direct_entity,True,False
http://human.owl#NCI_C32746,http://mouse.owl#MA_0000487,True,,138.0,,zero_shot,0,qwen/qwen3-vl-8b-instruct,direct_entity,False,False
http://human.owl#NCI_C32861,http://mouse.owl#MA_0002361,True,,141.0,,zero_shot,0,qwen/qwen3-vl-8b-instruct,direct_entity,True,False
http://human.owl#NCI_C13318,http://mouse.owl#MA_0002655,True,,140.0,,zero_shot,0,qwen/qwen3-vl-8b-instruct,direct_entity,False,False
http://human.owl#NCI_C13092,http://mouse.owl#MA_0001740,False,,143.0,,zero_shot,0,qwen/qwen3-vl-8b-instruct,direct_entity,False,False
http://human.owl#NCI_C12671,http://mouse.owl#MA_0000033,False,,126.0,,zero_shot,0,qwen/qwen3-vl-8b-instruct,direct_entity,False,False
http://human.owl#NCI_C32053,http://mouse.owl#MA_0000420,False,,130.0,,zero_shot,0,qwen/qwen3-vl-8b-instruct,direct_entity,False,False
http://human.owl#NCI_C12252,http://mouse.owl#MA_0002691,False,,132.0,,zero_shot,0,qwen/qwen3-vl-8b-instruct,direct_entity,False,False
http://human.owl#NCI_C12820,http://mouse.owl#MA_0001086,False,,141.0,,zero_shot,0,qwen/qwen3-vl-8b-instruct,direct_entity,False,False
http://human.owl#NCI_C32335,http://mouse.owl#MA_0000240,False,,128.0,,zero_shot,0,qwen/qwen3-vl-8b-instruct,direct_entity,False,False
http://human.owl#NCI_C12796,http://mouse.owl#MA_0000050,False,,135.0,,zero_shot,0,qwen/qwen3-vl-8b-instruct,direct_entity,False,False
http://human.owl#NCI_C33239,http://mouse.owl#MA_0002472,True,,138.0,,zero_shot,0,qwen/qwen3-vl-8b-instruct,direct_entity,False,False
http://human.owl#NCI_C32763,http://mouse.owl#MA_0002319,True,,134.0,,zero_shot,0,qwen/qwen3-vl-8b-instruct,direct_entity,True,False
http://human.owl#NCI_C12889,http://mouse.owl#MA_0000236,True,,131.0,,zero_shot,0,qwen/qwen3-vl-8b-instruct,direct_entity,False,False
http://human.owl#NCI_C32454,http://mouse.owl#MA_0001246,False,,131.0,,zero_shot,0,qwen/qwen3-vl-8b-instruct,direct_entity,True,False
http://human.owl#NCI_C33346,http://mouse.owl#MA_0000908,True,,135.0,,zero_shot,0,qwen/qwen3-vl-8b-instruct,direct_entity,False,False
http://human.owl#NCI_C33853,http://mouse.owl#MA_0000710,True,,137.0,,zero_shot,0,qwen/qwen3-vl-8b-instruct,direct_entity,True,False
http://human.owl#NCI_C32211,http://mouse.owl#MA_0001632,False,,139.0,,zero_shot,0,qwen/qwen3-vl-8b-instruct,direct_entity,False,False
http://human.owl#NCI_C12800,http://mouse.owl#MA_0001350,False,,141.0,,zero_shot,0,qwen/qwen3-vl-8b-instruct,direct_entity,False,False
http://human.owl#NCI_C32705,http://mouse.owl#MA_0000163,False,,128.0,,zero_shot,0,qwen/qwen3-vl-8b-instruct,direct_entity,False,False
http://human.owl#NCI_C12768,http://mouse.owl#MA_0000217,False,,129.0,,zero_shot,0,qwen/qwen3-vl-8b-instruct,direct_entity,False,False
http://human.owl#NCI_C32138,http://mouse.owl#MA_0001453,False,,131.0,,zero_shot,0,qwen/qwen3-vl-8b-instruct,direct_entity,True,False
http://human.owl#NCI_C32478,http://mouse.owl#MA_0001942,True,,135.0,,zero_shot,0,qwen/qwen3-vl-8b-instruct,direct_entity,False,False
http://human.owl#NCI_C32456,http://mouse.owl#MA_0001679,True,,140.0,,zero_shot,0,qwen/qwen3-vl-8b-instruct,direct_entity,True,False
http://human.owl#NCI_C12437,http://mouse.owl#MA_0002440,True,,133.0,,zero_shot,0,qwen/qwen3-vl-8b-instruct,direct_entity,True,False
http://human.owl#NCI_C32481,http://mouse.owl#MA_0000020,False,,126.0,,zero_shot,0,qwen/qwen3-vl-8b-instruct,direct_entity,False,False
http://human.owl#NCI_C33523,http://mouse.owl#MA_0000388,False,,128.0,,zero_shot,0,qwen/qwen3-vl-8b-instruct,direct_entity,False,False
http://human.owl#NCI_C12834,http://mouse.owl#MA_0000183,False,,132.0,,zero_shot,0,qwen/qwen3-vl-8b-instruct,direct_entity,False,False
http://human.owl#NCI_C32076,http://mouse.owl#MA_0002010,False,,136.0,,zero_shot,0,qwen/qwen3-vl-8b-instruct,direct_entity,False,False
http://human.owl#NCI_C32223,http://mouse.owl#MA_0000307,False,,131.0,,zero_shot,0,qwen/qwen3-vl-8b-instruct,direct_entity,False,False
http://human.owl#NCI_C33724,http://mouse.owl#MA_0001439,True,,137.0,,zero_shot,0,qwen/qwen3-vl-8b-instruct,direct_entity,True,False
http://human.owl#NCI_C12820,http://mouse.owl#MA_0001111,True,,140.0,,zero_shot,0,qwen/qwen3-vl-8b-instruct,direct_entity,True,False
http://human.owl#NCI_C49265,http://mouse.owl#MA_0001706,True,,131.0,,zero_shot,0,qwen/qwen3-vl-8b-instruct,direct_entity,True,False
http://human.owl#NCI_C12807,http://mouse.owl#MA_0001030,True,,137.0,,zero_shot,0,qwen/qwen3-vl-8b-instruct,direct_entity,False,False
http://human.owl#NCI_C12372,http://mouse.owl#MA_0002719,False,,127.0,,zero_shot,0,qwen/qwen3-vl-8b-instruct,direct_entity,False,False
http://human.owl#NCI_C12642,http://mouse.owl#MA_0001310,True,,136.0,,zero_shot,0,qwen/qwen3-vl-8b-instruct,direct_entity,False,False
http://human.owl#NCI_C12256,http://mouse.owl#MA_0001609,True,,133.0,,zero_shot,0,qwen/qwen3-vl-8b-instruct,direct_entity,True,False
http://human.owl#NCI_C33720,http://mouse.owl#MA_0001438,True,,137.0,,zero_shot,0,qwen/qwen3-vl-8b-instruct,direct_entity,True,False
http://human.owl#NCI_C12740,http://mouse.owl#MA_0001654,True,,129.0,,zero_shot,0,qwen/qwen3-vl-8b-instruct,direct_entity,False,False
http://human.owl#NCI_C32566,http://mouse.owl#MA_0000281,True,,133.0,,zero_shot,0,qwen/qwen3-vl-8b-instruct,direct_entity,False,False
http://human.owl#NCI_C32579,http://mouse.owl#MA_0002116,True,,138.0,,zero_shot,0,qwen/qwen3-vl-8b-instruct,direct_entity,False,False
http://human.owl#NCI_C12888,http://mouse.owl#MA_0000261,False,,130.0,,zero_shot,0,qwen/qwen3-vl-8b-instruct,direct_entity,False,False
http://human.owl#NCI_C33349,http://mouse.owl#MA_0002090,True,,142.0,,zero_shot,0,qwen/qwen3-vl-8b-instruct,direct_entity,True,False
http://human.owl#NCI_C12787,http://mouse.owl#MA_0000405,True,,131.0,,zero_shot,0,qwen/qwen3-vl-8b-instruct,direct_entity,False,False
http://human.owl#NCI_C33546,http://mouse.owl#MA_0002217,True,,141.0,,zero_shot,0,qwen/qwen3-vl-8b-instruct,direct_entity,True,False
http://human.owl#NCI_C33235,http://mouse.owl#MA_0001309,True,,138.0,,zero_shot,0,qwen/qwen3-vl-8b-instruct,direct_entity,True,False
http://human.owl#NCI_C33772,http://mouse.owl#MA_0000770,True,,134.0,,zero_shot,0,qwen/qwen3-vl-8b-instruct,direct_entity,True,False
http://human.owl#NCI_C12729,http://mouse.owl#MA_0000086,True,,126.0,,zero_shot,0,qwen/qwen3-vl-8b-instruct,direct_entity,True,False
http://human.owl#NCI_C32156,http://mouse.owl#MA_0000043,False,,129.0,,zero_shot,0,qwen/qwen3-vl-8b-instruct,direct_entity,False,False
http://human.owl#NCI_C32901,http://mouse.owl#MA_0001430,True,,138.0,,zero_shot,0,qwen/qwen3-vl-8b-instruct,direct_entity,True,False
http://human.owl#NCI_C53121,http://mouse.owl#MA_0002084,False,,129.0,,zero_shot,0,qwen/qwen3-vl-8b-instruct,direct_entity,False,False
http://human.owl#NCI_C33588,http://mouse.owl#MA_0002750,True,,133.0,,zero_shot,0,qwen/qwen3-vl-8b-instruct,direct_entity,False,False
http://human.owl#NCI_C32902,http://mouse.owl#MA_0001431,True,,138.0,,zero_shot,0,qwen/qwen3-vl-8b-instruct,direct_entity,True,False
http://human.owl#NCI_C32135,http://mouse.owl#MA_0000208,True,,131.0,,zero_shot,0,qwen/qwen3-vl-8b-instruct,direct_entity,True,False
http://human.owl#NCI_C12608,http://mouse.owl#MA_0001582,False,,136.0,,zero_shot,0,qwen/qwen3-vl-8b-instruct,direct_entity,False,False
http://human.owl#NCI_C49335,http://mouse.owl#MA_0000829,False,,138.0,,zero_shot,0,qwen/qwen3-vl-8b-instruct,direct_entity,False,False
http://human.owl#NCI_C33248,http://mouse.owl#MA_0001495,False,,134.0,,zero_shot,0,qwen/qwen3-vl-8b-instruct,direct_entity,False,False
http://human.owl#NCI_C33874,http://mouse.owl#MA_0001563,True,,129.0,,zero_shot,0,qwen/qwen3-vl-8b-instruct,direct_entity,False,False
http://human.owl#NCI_C33736,http://mouse.owl#MA_0000050,False,,132.0,,zero_shot,0,qwen/qwen3-vl-8b-instruct,direct_entity,False,False
http://human.owl#NCI_C13319,http://mouse.owl#MA_0000854,False,,123.0,,zero_shot,0,qwen/qwen3-vl-8b-instruct,direct_entity,False,False
http://human.owl#NCI_C12354,http://mouse.owl#MA_0000916,True,,136.0,,zero_shot,0,qwen/qwen3-vl-8b-instruct,direct_entity,True,False
http://human.owl#NCI_C33527,http://mouse.owl#MA_0000251,True,,129.0,,zero_shot,0,qwen/qwen3-vl-8b-instruct,direct_entity,False,False
http://human.owl#NCI_C13051,http://mouse.owl#MA_0002436,False,,140.0,,zero_shot,0,qwen/qwen3-vl-8b-instruct,direct_entity,False,False
http://human.owl#NCI_C33895,http://mouse.owl#MA_0001884,True,,134.0,,zero_shot,0,qwen/qwen3-vl-8b-instruct,direct_entity,True,False
http://human.owl#NCI_C52864,http://mouse.owl#MA_0001975,True,,147.0,,zero_shot,0,qwen/qwen3-vl-8b-instruct,direct_entity,False,False
http://human.owl#NCI_C13051,http://mouse.owl#MA_0002434,True,,143.0,,zero_shot,0,qwen/qwen3-vl-8b-instruct,direct_entity,False,False
http://human.owl#NCI_C33495,http://mouse.owl#MA_0002707,True,,132.0,,zero_shot,0,qwen/qwen3-vl-8b-instruct,direct_entity,False,False
http://human.owl#NCI_C49332,http://mouse.owl#MA_0000828,False,,140.0,,zero_shot,0,qwen/qwen3-vl-8b-instruct,direct_entity,False,False
http://human.owl#NCI_C32353,http://mouse.owl#MA_0001926,False,,139.0,,zero_shot,0,qwen/qwen3-vl-8b-instruct,direct_entity,False,False
http://human.owl#NCI_C33923,http://mouse.owl#MA_0000926,False,,129.0,,zero_shot,0,qwen/qwen3-vl-8b-instruct,direct_entity,False,False
http://human.owl#NCI_C12600,http://mouse.owl#MA_0000388,False,,128.0,,zero_shot,0,qwen/qwen3-vl-8b-instruct,direct_entity,False,False
http://human.owl#NCI_C13345,http://mouse.owl#MA_0000341,False,,129.0,,zero_shot,0,qwen/qwen3-vl-8b-instruct,direct_entity,False,False
http://human.owl#NCI_C33797,http://mouse.owl#MA_0001862,True,,151.0,,zero_shot,0,qwen/qwen3-vl-8b-instruct,direct_entity,True,False
http://human.owl#NCI_C33000,http://mouse.owl#MA_0000364,True,,140.0,,zero_shot,0,qwen/qwen3-vl-8b-instruct,direct_entity,True,False
http://human.owl#NCI_C32212,http://mouse.owl#MA_0000065,True,,127.0,,zero_shot,0,qwen/qwen3-vl-8b-instruct,direct_entity,True,False
http://human.owl#NCI_C52687,http://mouse.owl#MA_0002115,False,,132.0,,zero_shot,0,qwen/qwen3-vl-8b-instruct,direct_entity,False,False
http://human.owl#NCI_C12459,http://mouse.owl#MA_0000180,False,,129.0,,zero_shot,0,qwen/qwen3-vl-8b-instruct,direct_entity,False,False
http://human.owl#NCI_C32352,http://mouse.owl#MA_0001925,True,,137.0,,zero_shot,0,qwen/qwen3-vl-8b-instruct,direct_entity,False,False
http://human.owl#NCI_C32213,http://mouse.owl#MA_0002483,False,,129.0,,zero_shot,0,qwen/qwen3-vl-8b-instruct,direct_entity,False,False
http://human.owl#NCI_C49219,http://mouse.owl#MA_0001731,False,,151.0,,zero_shot,0,qwen/qwen3-vl-8b-instruct,direct_entity,False,False
http://human.owl#NCI_C32811,http://mouse.owl#MA_0002471,True,,138.0,,zero_shot,0,qwen/qwen3-vl-8b-instruct,direct_entity,False,False
http://human.owl#NCI_C13073,http://mouse.owl#MA_0000579,True,,137.0,,zero_shot,0,qwen/qwen3-vl-8b-instruct,direct_entity,False,False
http://human.owl#NCI_C33001,http://mouse.owl#MA_0000365,True,,140.0,,zero_shot,0,qwen/qwen3-vl-8b-instruct,direct_entity,True,False
http://human.owl#NCI_C33737,http://mouse.owl#MA_0000297,True,,135.0,,zero_shot,0,qwen/qwen3-vl-8b-instruct,direct_entity,True,False
http://human.owl#NCI_C49333,http://mouse.owl#MA_0001112,True,,129.0,,zero_shot,0,qwen/qwen3-vl-8b-instruct,direct_entity,False,False
http://human.owl#NCI_C12982,http://mouse.owl#MA_0000660,True,,140.0,,zero_shot,0,qwen/qwen3-vl-8b-instruct,direct_entity,True,False
http://human.owl#NCI_C12886,http://mouse.owl#MA_0000373,True,,131.0,,zero_shot,0,qwen/qwen3-vl-8b-instruct,direct_entity,False,False
http://human.owl#NCI_C33763,http://mouse.owl#MA_0000052,True,,128.0,,zero_shot,0,qwen/qwen3-vl-8b-instruct,direct_entity,True,False
http://human.owl#NCI_C32243,http://mouse.owl#MA_0001425,True,,138.0,,zero_shot,0,qwen/qwen3-vl-8b-instruct,direct_entity,True,False
http://human.owl#NCI_C32741,http://mouse.owl#MA_0000198,False,,128.0,,zero_shot,0,qwen/qwen3-vl-8b-instruct,direct_entity,False,False
http://human.owl#NCI_C32374,http://mouse.owl#MA_0000191,False,,130.0,,zero_shot,0,qwen/qwen3-vl-8b-instruct,direct_entity,False,False
http://human.owl#NCI_C33166,http://mouse.owl#MA_0001318,False,,131.0,,zero_shot,0,qwen/qwen3-vl-8b-instruct,direct_entity,False,False
http://human.owl#NCI_C32241,http://mouse.owl#MA_0001423,True,,138.0,,zero_shot,0,qwen/qwen3-vl-8b-instruct,direct_entity,True,False
http://human.owl#NCI_C33215,http://mouse.owl#MA_0002185,False,,133.0,,zero_shot,0,qwen/qwen3-vl-8b-instruct,direct_entity,False,False
http://human.owl#NCI_C25389,http://mouse.owl#MA_0000022,True,,126.0,,zero_shot,0,qwen/qwen3-vl-8b-instruct,direct_entity,False,False
http://human.owl#NCI_C32242,http://mouse.owl#MA_0001424,True,,138.0,,zero_shot,0,qwen/qwen3-vl-8b-instruct,direct_entity,True,False
http://human.owl#NCI_C32741,http://mouse.owl#MA_0000197,False,,128.0,,zero_shot,0,qwen/qwen3-vl-8b-instruct,direct_entity,False,False
http://human.owl#NCI_C12848,http://mouse.owl#MA_0001731,False,,141.0,,zero_shot,0,qwen/qwen3-vl-8b-instruct,direct_entity,False,False
http://human.owl#NCI_C12460,http://mouse.owl#MA_0000211,False,,131.0,,zero_shot,0,qwen/qwen3-vl-8b-instruct,direct_entity,True,False
http://human.owl#NCI_C12444,http://mouse.owl#MA_0000189,False,,130.0,,zero_shot,0,qwen/qwen3-vl-8b-instruct,direct_entity,False,False
http://human.owl#NCI_C32933,http://mouse.owl#MA_0001755,True,,138.0,,zero_shot,0,qwen/qwen3-vl-8b-instruct,direct_entity,True,False
http://human.owl#NCI_C32240,http://mouse.owl#MA_0001422,True,,138.0,,zero_shot,0,qwen/qwen3-vl-8b-instruct,direct_entity,True,False
http://human.owl#NCI_C12371,http://mouse.owl#MA_0000080,True,,133.0,,zero_shot,0,qwen/qwen3-vl-8b-instruct,direct_entity,True,False
http://human.owl#NCI_C53129,http://mouse.owl#MA_0002081,True,,130.0,,zero_shot,0,qwen/qwen3-vl-8b-instruct,direct_entity,False,False
http://human.owl#NCI_C12395,http://mouse.owl#MA_0000243,False,,127.0,,zero_shot,0,qwen/qwen3-vl-8b-instruct,direct_entity,False,False
http://human.owl#NCI_C33137,http://mouse.owl#MA_0000897,False,,143.0,,zero_shot,0,qwen/qwen3-vl-8b-instruct,direct_entity,True,False
http://human.owl#NCI_C12928,http://mouse.owl#MA_0001242,False,,140.0,,zero_shot,0,qwen/qwen3-vl-8b-instruct,direct_entity,False,False
http://human.owl#NCI_C32469,http://mouse.owl#MA_0002633,True,,139.0,,zero_shot,0,qwen/qwen3-vl-8b-instruct,direct_entity,False,False
http://human.owl#NCI_C12773,http://mouse.owl#MA_0000860,False,,136.0,,zero_shot,0,qwen/qwen3-vl-8b-instruct,direct_entity,False,False
http://human.owl#NCI_C32239,http://mouse.owl#MA_0001421,True,,138.0,,zero_shot,0,qwen/qwen3-vl-8b-instruct,direct_entity,True,False
http://human.owl#NCI_C33535,http://mouse.owl#MA_0000924,False,,131.0,,zero_shot,0,qwen/qwen3-vl-8b-instruct,direct_entity,False,False
http://human.owl#NCI_C12378,http://mouse.owl#MA_0000917,True,,126.0,,zero_shot,0,qwen/qwen3-vl-8b-instruct,direct_entity,False,False
http://human.owl#NCI_C33536,http://mouse.owl#MA_0000924,False,,133.0,,zero_shot,0,qwen/qwen3-vl-8b-instruct,direct_entity,False,False
http://human.owl#NCI_C32903,http://mouse.owl#MA_0001432,True,,138.0,,zero_shot,0,qwen/qwen3-vl-8b-instruct,direct_entity,True,False
http://human.owl#NCI_C32171,http://mouse.owl#MA_0002222,False,,130.0,,zero_shot,0,qwen/qwen3-vl-8b-instruct,direct_entity,False,False
http://human.owl#NCI_C12779,http://mouse.owl#MA_0000434,True,,128.0,,zero_shot,0,qwen/qwen3-vl-8b-instruct,direct_entity,False,False
